surface_group,menu_cible,usage_web,http_method,full_path,controller,java_method,action_ui,pre_authorize,required_feature,decision,source,line
tenant_admin,Admin tenant > Utilisateurs / Accès,Tenant admin; Superadmin possible avec header tenant,GET,/admin/access-control/permissions,AccessControlAdminController,listPermissions,Consulter / lister,hasPermission('permission.read'),,Garder; utilisable par admin tenant et superadmin avec tenant header,tchalanet-platform/src/main/java/com/tchalanet/server/platform/accesscontrol/internal/web/AccessControlAdminController.java,59
tenant_admin,Admin tenant > Utilisateurs / Accès,Tenant admin; Superadmin possible avec header tenant,GET,/admin/access-control/roles,AccessControlAdminController,listRoles,Consulter / lister,hasPermission('role.read'),,Garder; utilisable par admin tenant et superadmin avec tenant header,tchalanet-platform/src/main/java/com/tchalanet/server/platform/accesscontrol/internal/web/AccessControlAdminController.java,50
tenant_admin,Admin tenant > Archives,Tenant admin; Superadmin possible avec header tenant,GET,/admin/archive/audit,AdminArchiveController,getArchivedAudit,getArchivedAudit,"hasPermission(null, 'archive.read')",,Garder; utilisable par admin tenant et superadmin avec tenant header,tchalanet-platform/src/main/java/com/tchalanet/server/platform/archive/internal/web/AdminArchiveController.java,58
tenant_admin,Admin tenant > Contrôles / Configuration,Tenant admin; Superadmin possible avec header tenant,GET,/admin/business-days,BusinessDayOverrideController,list,Consulter / lister,"hasAnyRole('TENANT_ADMIN', 'SUPER_ADMIN')",,Garder; utilisable par admin tenant et superadmin avec tenant header,tchalanet-platform/src/main/java/com/tchalanet/server/platform/tenant/internal/web/BusinessDayOverrideController.java,28
tenant_admin,Admin tenant > Contrôles / Configuration,Tenant admin; Superadmin possible avec header tenant,PUT,/admin/business-days,BusinessDayOverrideController,upsert,Modifier,"hasAnyRole('TENANT_ADMIN', 'SUPER_ADMIN')",,Garder; utilisable par admin tenant et superadmin avec tenant header,tchalanet-platform/src/main/java/com/tchalanet/server/platform/tenant/internal/web/BusinessDayOverrideController.java,38
tenant_admin,Admin tenant > Contrôles / Configuration,Tenant admin; Superadmin possible avec header tenant,PUT,/admin/commission/default-rate,TenantAdminCommissionController,setDefaultRate,Modifier,"hasAnyRole('TENANT_OWNER', 'TENANT_ADMIN', 'SUPER_ADMIN')",,Garder; utilisable par admin tenant et superadmin avec tenant header,tchalanet-features/src/main/java/com/tchalanet/server/features/tenantadmin/commission/TenantAdminCommissionController.java,72
tenant_admin,Admin tenant > Contrôles / Configuration,Tenant admin; Superadmin possible avec header tenant,GET,/admin/commission/overview,TenantAdminCommissionController,overview,Consulter / lister,"hasAnyRole('TENANT_OWNER', 'TENANT_ADMIN', 'SUPER_ADMIN')",,Garder; utilisable par admin tenant et superadmin avec tenant header,tchalanet-features/src/main/java/com/tchalanet/server/features/tenantadmin/commission/TenantAdminCommissionController.java,55
tenant_admin,Admin tenant > Contrôles / Configuration,Tenant admin; Superadmin possible avec header tenant,GET,/admin/commission/sellers,TenantAdminCommissionController,listSellerCommissions,Consulter / lister,"hasAnyRole('TENANT_OWNER', 'TENANT_ADMIN', 'SUPER_ADMIN')",,Garder; utilisable par admin tenant et superadmin avec tenant header,tchalanet-features/src/main/java/com/tchalanet/server/features/tenantadmin/commission/TenantAdminCommissionController.java,82
tenant_admin,Admin tenant > Contrôles / Configuration,Tenant admin; Superadmin possible avec header tenant,GET,/admin/controls/odds,PricingOverrideAdminController,getTenantDefaultOdds,getTenantDefaultOdds,"hasAnyRole('TENANT_OWNER', 'TENANT_ADMIN', 'SUPER_ADMIN')",,Garder; utilisable par admin tenant et superadmin avec tenant header,tchalanet-core/src/main/java/com/tchalanet/server/core/pricing/internal/infra/web/admin/PricingOverrideAdminController.java,40
tenant_admin,Admin tenant > Tirages / Résultats,Tenant admin; Superadmin possible avec header tenant,GET,/admin/draw-results,DrawResultsController,list,Consulter / lister,"hasAnyRole('TENANT_OWNER', 'TENANT_ADMIN', 'SUPER_ADMIN')",,Garder; utilisable par admin tenant et superadmin avec tenant header,tchalanet-core/src/main/java/com/tchalanet/server/core/drawresult/internal/infra/web/DrawResultsController.java,36
tenant_admin,Admin tenant > Tirages / Résultats,Tenant admin; Superadmin possible avec header tenant,GET,/admin/draw-results/last-days,DrawResultsController,listLastDays,Consulter / lister,"hasAnyRole('TENANT_OWNER', 'TENANT_ADMIN', 'SUPER_ADMIN')",,Garder; utilisable par admin tenant et superadmin avec tenant header,tchalanet-core/src/main/java/com/tchalanet/server/core/drawresult/internal/infra/web/DrawResultsController.java,94
tenant_admin,Admin tenant > Tirages / Résultats,Tenant admin; Superadmin possible avec header tenant,POST,/admin/draw-results/manual,TenantAdminDrawResultController,propose,propose,"hasAnyRole('TENANT_OWNER', 'TENANT_ADMIN')",,Garder; utilisable par admin tenant et superadmin avec tenant header,tchalanet-features/src/main/java/com/tchalanet/server/features/tenantadmin/drawresult/TenantAdminDrawResultController.java,32
tenant_admin,Admin tenant > Tirages / Résultats,Tenant admin; Superadmin possible avec header tenant,GET,/admin/draw-results/today,DrawResultsController,listToday,Consulter / lister,"hasAnyRole('TENANT_OWNER', 'TENANT_ADMIN', 'SUPER_ADMIN')",,Garder; utilisable par admin tenant et superadmin avec tenant header,tchalanet-core/src/main/java/com/tchalanet/server/core/drawresult/internal/infra/web/DrawResultsController.java,67
tenant_admin,Admin tenant > Tirages / Résultats,Tenant admin; Superadmin possible avec header tenant,GET,/admin/draws,DrawQueryAdminController,listDraws,Consulter / lister,"hasAnyRole('TENANT_OWNER', 'TENANT_ADMIN', 'SUPER_ADMIN')",,Garder; utilisable par admin tenant et superadmin avec tenant header,tchalanet-core/src/main/java/com/tchalanet/server/core/draw/internal/infra/web/DrawQueryAdminController.java,37
tenant_admin,Admin tenant > Tirages / Résultats,Tenant admin; Superadmin possible avec header tenant,GET,/admin/draws/latest-with-results,DrawQueryAdminController,latestWithResults,latestWithResults,"hasAnyRole('TENANT_OWNER', 'TENANT_ADMIN', 'SUPER_ADMIN')",,Garder; utilisable par admin tenant et superadmin avec tenant header,tchalanet-core/src/main/java/com/tchalanet/server/core/draw/internal/infra/web/DrawQueryAdminController.java,112
tenant_admin,Admin tenant > Tirages / Résultats,Tenant admin; Superadmin possible avec header tenant,GET,/admin/draws/next,DrawQueryAdminController,nextDraws,nextDraws,"hasAnyRole('TENANT_OWNER', 'TENANT_ADMIN', 'SUPER_ADMIN')",,Garder; utilisable par admin tenant et superadmin avec tenant header,tchalanet-core/src/main/java/com/tchalanet/server/core/draw/internal/infra/web/DrawQueryAdminController.java,92
tenant_admin,Admin tenant > Tirages / Résultats,Tenant admin; Superadmin possible avec header tenant,GET,/admin/draws/today,DrawQueryAdminController,todayDraws,todayDraws,"hasAnyRole('TENANT_OWNER', 'TENANT_ADMIN', 'SUPER_ADMIN')",,Garder; utilisable par admin tenant et superadmin avec tenant header,tchalanet-core/src/main/java/com/tchalanet/server/core/draw/internal/infra/web/DrawQueryAdminController.java,57
tenant_admin,Admin tenant > Tirages / Résultats,Tenant admin; Superadmin possible avec header tenant,GET,/admin/draws/upcoming,DrawQueryAdminController,upcomingDraws,upcomingDraws,"hasAnyRole('TENANT_OWNER', 'TENANT_ADMIN', 'SUPER_ADMIN')",,Garder; utilisable par admin tenant et superadmin avec tenant header,tchalanet-core/src/main/java/com/tchalanet/server/core/draw/internal/infra/web/DrawQueryAdminController.java,72
tenant_admin,Admin tenant > Contrôles / Configuration,Tenant admin; Superadmin possible avec header tenant,GET,/admin/games,TenantGameAdminController,list,Consulter / lister,"hasPermission(null, 'tenantgame.read')",,Garder; utilisable par admin tenant et superadmin avec tenant header,tchalanet-platform/src/main/java/com/tchalanet/server/platform/tenantgame/internal/web/TenantGameAdminController.java,45
tenant_admin,Admin tenant > Contrôles / Configuration,Tenant admin; Superadmin possible avec header tenant,GET,/admin/games/catalog,TenantGameAdminController,catalog,Consulter / lister,"hasPermission(null, 'tenantgame.read')",,Garder; utilisable par admin tenant et superadmin avec tenant header,tchalanet-platform/src/main/java/com/tchalanet/server/platform/tenantgame/internal/web/TenantGameAdminController.java,65
tenant_admin,Admin tenant > Utilisateurs / Accès,Tenant admin; Superadmin possible avec header tenant,GET,/admin/identity/users,IdentityUserAdminController,list,Consulter / lister,"hasAnyRole('TENANT_ADMIN','SUPER_ADMIN')",,Garder; utilisable par admin tenant et superadmin avec tenant header,tchalanet-platform/src/main/java/com/tchalanet/server/platform/identity/internal/web/admin/IdentityUserAdminController.java,71
tenant_admin,Admin tenant > Utilisateurs / Accès,Tenant admin; Superadmin possible avec header tenant,POST,/admin/identity/users,IdentityUserAdminController,create,Créer / soumettre,"hasAnyRole('TENANT_ADMIN','SUPER_ADMIN')",,Garder; utilisable par admin tenant et superadmin avec tenant header,tchalanet-platform/src/main/java/com/tchalanet/server/platform/identity/internal/web/admin/IdentityUserAdminController.java,105
tenant_admin,Admin tenant > Notifications,Tenant admin; Superadmin possible avec header tenant,GET,/admin/notifications,AdminNotificationController,list,Consulter / lister,hasRole('TENANT_ADMIN') or hasRole('SUPER_ADMIN'),,Garder; utilisable par admin tenant et superadmin avec tenant header,tchalanet-platform/src/main/java/com/tchalanet/server/platform/notification/internal/web/AdminNotificationController.java,45
tenant_admin,Admin tenant > Notifications,Tenant admin; Superadmin possible avec header tenant,POST,/admin/notifications,AdminNotificationController,create,Créer / soumettre,hasRole('TENANT_ADMIN') or hasRole('SUPER_ADMIN'),,Garder; utilisable par admin tenant et superadmin avec tenant header,tchalanet-platform/src/main/java/com/tchalanet/server/platform/notification/internal/web/AdminNotificationController.java,65
tenant_admin,Admin tenant > Notifications,Tenant admin; Superadmin possible avec header tenant,GET,/admin/notifications/deliveries,AdminNotificationController,deliveries,deliveries,hasRole('TENANT_ADMIN') or hasRole('SUPER_ADMIN'),,Garder; utilisable par admin tenant et superadmin avec tenant header,tchalanet-platform/src/main/java/com/tchalanet/server/platform/notification/internal/web/AdminNotificationController.java,97
tenant_admin,Admin tenant > Notifications,Tenant admin; Superadmin possible avec header tenant,GET,/admin/notifications/summary,AdminNotificationController,summary,Consulter / lister,hasRole('TENANT_ADMIN') or hasRole('SUPER_ADMIN'),,Garder; utilisable par admin tenant et superadmin avec tenant header,tchalanet-platform/src/main/java/com/tchalanet/server/platform/notification/internal/web/AdminNotificationController.java,38
tenant_admin,Admin tenant > Tableau de bord,Tenant admin; Superadmin possible avec header tenant,GET,/admin/overview,TenantAdminOverviewController,overview,Consulter / lister,"hasAnyRole('TENANT_OWNER', 'TENANT_ADMIN', 'SUPER_ADMIN')",,Garder; utilisable par admin tenant et superadmin avec tenant header,tchalanet-features/src/main/java/com/tchalanet/server/features/tenantadmin/overview/TenantAdminOverviewController.java,22
tenant_admin,Superadmin > Référentiels > PageModel,Tenant admin; Superadmin possible avec header tenant,GET,/admin/pagemodels,PageModelAdminController,list,Consulter / lister,hasRole('SUPER_ADMIN'),,Garder; utilisable par admin tenant et superadmin avec tenant header,tchalanet-core/src/main/java/com/tchalanet/server/core/pagemodel/internal/infra/web/PageModelAdminController.java,46
tenant_admin,Superadmin > Référentiels > PageModel,Tenant admin; Superadmin possible avec header tenant,POST,/admin/pagemodels,PageModelAdminController,create,Créer / soumettre,hasRole('SUPER_ADMIN'),,Garder; utilisable par admin tenant et superadmin avec tenant header,tchalanet-core/src/main/java/com/tchalanet/server/core/pagemodel/internal/infra/web/PageModelAdminController.java,71
tenant_admin,Admin tenant > Contrôles / Configuration,Tenant admin; Superadmin possible avec header tenant,GET,/admin/policies/limits/assignments,LimitPolicyAdminController,listAssignments,Consulter / lister,"hasAnyRole('TENANT_OWNER', 'TENANT_ADMIN', 'SUPER_ADMIN')",,Garder; utilisable par admin tenant et superadmin avec tenant header,tchalanet-core/src/main/java/com/tchalanet/server/core/limitpolicy/internal/infra/web/admin/LimitPolicyAdminController.java,49
tenant_admin,Admin tenant > Contrôles / Configuration,Tenant admin; Superadmin possible avec header tenant,PUT,/admin/policies/limits/assignments,LimitPolicyAdminController,upsertAssignment,Modifier,"hasAnyRole('TENANT_OWNER', 'TENANT_ADMIN', 'SUPER_ADMIN')",,Garder; utilisable par admin tenant et superadmin avec tenant header,tchalanet-core/src/main/java/com/tchalanet/server/core/limitpolicy/internal/infra/web/admin/LimitPolicyAdminController.java,61
tenant_admin,Admin tenant > Contrôles / Configuration,Tenant admin; Superadmin possible avec header tenant,GET,/admin/policies/limits/rules,LimitPolicyAdminController,listAvailableRules,Consulter / lister,"hasAnyRole('TENANT_OWNER', 'TENANT_ADMIN', 'SUPER_ADMIN')",,Garder; utilisable par admin tenant et superadmin avec tenant header,tchalanet-core/src/main/java/com/tchalanet/server/core/limitpolicy/internal/infra/web/admin/LimitPolicyAdminController.java,92
tenant_admin,Admin tenant > Promotions,Tenant admin; Superadmin possible avec header tenant,GET,/admin/promotions/campaigns,PromotionCampaignAdminController,list,Consulter / lister,"hasAnyRole('TENANT_OWNER', 'TENANT_ADMIN', 'SUPER_ADMIN')",,Garder; utilisable par admin tenant et superadmin avec tenant header,tchalanet-core/src/main/java/com/tchalanet/server/core/promotion/internal/infra/web/admin/PromotionCampaignAdminController.java,48
tenant_admin,Admin tenant > Promotions,Tenant admin; Superadmin possible avec header tenant,POST,/admin/promotions/campaigns,PromotionCampaignAdminController,create,Créer / soumettre,"hasAnyRole('TENANT_OWNER', 'TENANT_ADMIN', 'SUPER_ADMIN')",,Garder; utilisable par admin tenant et superadmin avec tenant header,tchalanet-core/src/main/java/com/tchalanet/server/core/promotion/internal/infra/web/admin/PromotionCampaignAdminController.java,68
tenant_admin,Admin tenant > Promotions,Tenant admin; Superadmin possible avec header tenant,POST,/admin/promotions/campaigns/templates/default-maryaj-gratis/instantiate,PromotionCampaignAdminController,instantiateDefaultMaryajGratis,Lifecycle promotion,"hasAnyRole('TENANT_OWNER', 'TENANT_ADMIN', 'SUPER_ADMIN')",,Garder; utilisable par admin tenant et superadmin avec tenant header,tchalanet-core/src/main/java/com/tchalanet/server/core/promotion/internal/infra/web/admin/PromotionCampaignAdminController.java,89
tenant_admin,Admin tenant > Promotions,Tenant admin; Superadmin possible avec header tenant,POST,/admin/promotions/campaigns/{campaignId}/rules,PromotionRuleAdminController,addRule,addRule,"hasAnyRole('TENANT_OWNER', 'TENANT_ADMIN', 'SUPER_ADMIN')",,Garder; utilisable par admin tenant et superadmin avec tenant header,tchalanet-core/src/main/java/com/tchalanet/server/core/promotion/internal/infra/web/admin/PromotionRuleAdminController.java,43
tenant_admin,Admin tenant > Vendeurs,Tenant admin; Superadmin possible avec header tenant,GET,/admin/seller-terminals,SellerTerminalAdminController,list,Consulter / lister,"hasAnyRole('TENANT_OWNER', 'TENANT_ADMIN', 'SUPER_ADMIN')",,Garder; utilisable par admin tenant et superadmin avec tenant header,tchalanet-core/src/main/java/com/tchalanet/server/core/sellerterminal/internal/infra/web/admin/SellerTerminalAdminController.java,59
tenant_admin,Admin tenant > Vendeurs,Tenant admin; Superadmin possible avec header tenant,POST,/admin/seller-terminals,SellerTerminalAdminController,create,Créer / soumettre,"hasAnyRole('TENANT_OWNER', 'TENANT_ADMIN', 'SUPER_ADMIN')",,Garder; utilisable par admin tenant et superadmin avec tenant header,tchalanet-core/src/main/java/com/tchalanet/server/core/sellerterminal/internal/infra/web/admin/SellerTerminalAdminController.java,85
tenant_admin,Admin tenant > Contrôles / Configuration,Tenant admin; Superadmin possible avec header tenant,GET,/admin/setup/draw-sales-matrix,AdminSetupController,drawSalesMatrix,drawSalesMatrix,"hasPermission(null, 'tenantgame.read')",,Garder; utilisable par admin tenant et superadmin avec tenant header,tchalanet-features/src/main/java/com/tchalanet/server/features/tenantadmin/setup/AdminSetupController.java,30
tenant_admin,Admin tenant > Contrôles / Configuration,Tenant admin; Superadmin possible avec header tenant,GET,/admin/setup/games-pricing,AdminSetupController,gamesPricing,gamesPricing,"hasPermission(null, 'tenantgame.read')",,Garder; utilisable par admin tenant et superadmin avec tenant header,tchalanet-features/src/main/java/com/tchalanet/server/features/tenantadmin/setup/AdminSetupController.java,24
tenant_admin,Admin tenant > Tirages / Résultats,Tenant admin; Superadmin possible avec header tenant,POST,/admin/tchala/approve,AdminTchalaController,approve,approve,hasRole('SUPER_ADMIN'),,Garder; utilisable par admin tenant et superadmin avec tenant header,tchalanet-core/src/main/java/com/tchalanet/server/core/haiti/internal/infra/web/adminapi/AdminTchalaController.java,73
tenant_admin,Admin tenant > Tirages / Résultats,Tenant admin; Superadmin possible avec header tenant,POST,/admin/tchala/delete,AdminTchalaController,deleteEntries,Supprimer / désactiver / archiver,hasRole('SUPER_ADMIN'),,Garder; utilisable par admin tenant et superadmin avec tenant header,tchalanet-core/src/main/java/com/tchalanet/server/core/haiti/internal/infra/web/adminapi/AdminTchalaController.java,136
tenant_admin,Admin tenant > Tirages / Résultats,Tenant admin; Superadmin possible avec header tenant,POST,/admin/tchala/import,AdminTchalaController,uploadImport,uploadImport,hasRole('SUPER_ADMIN'),,Garder; utilisable par admin tenant et superadmin avec tenant header,tchalanet-core/src/main/java/com/tchalanet/server/core/haiti/internal/infra/web/adminapi/AdminTchalaController.java,106
tenant_admin,Admin tenant > Tirages / Résultats,Tenant admin; Superadmin possible avec header tenant,POST,/admin/tchala/merge,AdminTchalaController,merge,merge,hasRole('SUPER_ADMIN'),,Garder; utilisable par admin tenant et superadmin avec tenant header,tchalanet-core/src/main/java/com/tchalanet/server/core/haiti/internal/infra/web/adminapi/AdminTchalaController.java,95
tenant_admin,Admin tenant > Tirages / Résultats,Tenant admin; Superadmin possible avec header tenant,GET,/admin/tchala/pending,AdminTchalaController,pending,pending,hasRole('SUPER_ADMIN'),,Garder; utilisable par admin tenant et superadmin avec tenant header,tchalanet-core/src/main/java/com/tchalanet/server/core/haiti/internal/infra/web/adminapi/AdminTchalaController.java,48
tenant_admin,Admin tenant > Tirages / Résultats,Tenant admin; Superadmin possible avec header tenant,POST,/admin/tchala/reject,AdminTchalaController,reject,reject,hasRole('SUPER_ADMIN'),,Garder; utilisable par admin tenant et superadmin avec tenant header,tchalanet-core/src/main/java/com/tchalanet/server/core/haiti/internal/infra/web/adminapi/AdminTchalaController.java,87
tenant_admin,Admin tenant > Paramètres tenant,Tenant admin; Superadmin possible avec header tenant,PUT,/admin/tenant,AdminTenantController,updateIdentity,Modifier,"hasAnyRole('TENANT_OWNER', 'TENANT_ADMIN', 'SUPER_ADMIN')",,Garder; utilisable par admin tenant et superadmin avec tenant header,tchalanet-features/src/main/java/com/tchalanet/server/features/tenantadmin/tenant/AdminTenantController.java,40
tenant_admin,Admin tenant > Paramètres tenant,Tenant admin; Superadmin possible avec header tenant,GET,/admin/tenant-config,AdminTenantConfigController,getConfig,getConfig,"hasAnyRole('TENANT_OWNER', 'TENANT_ADMIN', 'SUPER_ADMIN')",,Garder; utilisable par admin tenant et superadmin avec tenant header,tchalanet-features/src/main/java/com/tchalanet/server/features/tenantadmin/tenant/AdminTenantConfigController.java,34
tenant_admin,Admin tenant > Paramètres tenant,Tenant admin; Superadmin possible avec header tenant,GET,/admin/tenant-config/communication,AdminTenantConfigController,getCommunication,getCommunication,"hasAnyRole('TENANT_OWNER', 'TENANT_ADMIN', 'SUPER_ADMIN')",,Garder; utilisable par admin tenant et superadmin avec tenant header,tchalanet-features/src/main/java/com/tchalanet/server/features/tenantadmin/tenant/AdminTenantConfigController.java,42
tenant_admin,Admin tenant > Paramètres tenant,Tenant admin; Superadmin possible avec header tenant,GET,/admin/tenant-config/document,AdminTenantConfigController,getDocument,getDocument,"hasAnyRole('TENANT_OWNER', 'TENANT_ADMIN', 'SUPER_ADMIN')",,Garder; utilisable par admin tenant et superadmin avec tenant header,tchalanet-features/src/main/java/com/tchalanet/server/features/tenantadmin/tenant/AdminTenantConfigController.java,48
tenant_admin,Admin tenant > Paramètres tenant,Tenant admin; Superadmin possible avec header tenant,PUT,/admin/tenant-config/internal-settings,AdminTenantConfigController,updateSettings,Modifier,"hasAnyRole('TENANT_OWNER', 'TENANT_ADMIN', 'SUPER_ADMIN')",,Garder; utilisable par admin tenant et superadmin avec tenant header,tchalanet-features/src/main/java/com/tchalanet/server/features/tenantadmin/tenant/AdminTenantConfigController.java,54
tenant_admin,Admin tenant > Paramètres tenant,Tenant admin; Superadmin possible avec header tenant,GET,/admin/tenant/address,AdminTenantController,getAddress,getAddress,"hasAnyRole('TENANT_OWNER', 'TENANT_ADMIN', 'SUPER_ADMIN')",,Garder; utilisable par admin tenant et superadmin avec tenant header,tchalanet-features/src/main/java/com/tchalanet/server/features/tenantadmin/tenant/AdminTenantController.java,34
tenant_admin,Admin tenant > Paramètres tenant,Tenant admin; Superadmin possible avec header tenant,PUT,/admin/tenant/address,AdminTenantController,upsertAddress,Modifier,"hasAnyRole('TENANT_OWNER', 'TENANT_ADMIN', 'SUPER_ADMIN')",,Garder; utilisable par admin tenant et superadmin avec tenant header,tchalanet-features/src/main/java/com/tchalanet/server/features/tenantadmin/tenant/AdminTenantController.java,50
tenant_admin,Admin tenant > Paramètres tenant,Tenant admin; Superadmin possible avec header tenant,DELETE,/admin/theme,TenantThemeAdminController,deactivate,Supprimer / désactiver / archiver,hasPermission('theme.manage'),,Garder; utilisable par admin tenant et superadmin avec tenant header,tchalanet-platform/src/main/java/com/tchalanet/server/platform/tenanttheme/internal/web/TenantThemeAdminController.java,77
tenant_admin,Admin tenant > Paramètres tenant,Tenant admin; Superadmin possible avec header tenant,GET,/admin/theme,TenantThemeAdminController,get,Consulter / lister,hasPermission('theme.read'),,Garder; utilisable par admin tenant et superadmin avec tenant header,tchalanet-platform/src/main/java/com/tchalanet/server/platform/tenanttheme/internal/web/TenantThemeAdminController.java,41
tenant_admin,Admin tenant > Paramètres tenant,Tenant admin; Superadmin possible avec header tenant,POST,/admin/theme/preset,TenantThemeAdminController,applyPreset,Modifier,hasPermission('theme.manage'),,Garder; utilisable par admin tenant et superadmin avec tenant header,tchalanet-platform/src/main/java/com/tchalanet/server/platform/tenanttheme/internal/web/TenantThemeAdminController.java,53
tenant_admin,Admin tenant > Paramètres tenant,Tenant admin; Superadmin possible avec header tenant,GET,/admin/theme/presets,TenantThemeAdminController,listPresets,Consulter / lister,hasPermission('theme.read'),,Garder; utilisable par admin tenant et superadmin avec tenant header,tchalanet-platform/src/main/java/com/tchalanet/server/platform/tenanttheme/internal/web/TenantThemeAdminController.java,47
tenant_admin,Admin tenant > Paramètres tenant,Tenant admin; Superadmin possible avec header tenant,PATCH,/admin/theme/settings,TenantThemeAdminController,updateSettings,Modifier,hasPermission('theme.manage'),,Garder; utilisable par admin tenant et superadmin avec tenant header,tchalanet-platform/src/main/java/com/tchalanet/server/platform/tenanttheme/internal/web/TenantThemeAdminController.java,65
identity,Identité utilisateur,Identité / first login,POST,/identity/me/complete-first-login,IdentityActivationController,completeFirstLogin,completeFirstLogin,isAuthenticated(),,Garder,tchalanet-platform/src/main/java/com/tchalanet/server/platform/identity/internal/web/me/IdentityActivationController.java,25
identity,Identité utilisateur,Identité / first login,GET,/identity/users,IdentityUserCrudController,search,Consulter / lister,hasPermission('user.read'),,Garder,tchalanet-platform/src/main/java/com/tchalanet/server/platform/identity/internal/web/IdentityUserCrudController.java,44
identity,Identité utilisateur,Identité / first login,POST,/identity/users,IdentityUserCrudController,create,Créer / soumettre,hasPermission('user.create'),,Garder,tchalanet-platform/src/main/java/com/tchalanet/server/platform/identity/internal/web/IdentityUserCrudController.java,64
platform_admin,Superadmin > Opérations > Archives,Superadmin sans tenant par défaut,GET,/platform/archive/objects/invalid,PlatformArchiveController,listInvalidObjects,Consulter / lister,hasRole('SUPER_ADMIN'),,Garder côté superadmin,tchalanet-platform/src/main/java/com/tchalanet/server/platform/archive/internal/web/PlatformArchiveController.java,121
platform_admin,Superadmin > Opérations > Archives,Superadmin sans tenant par défaut,GET,/platform/archive/ops-summary,PlatformArchiveController,opsSummary,opsSummary,hasRole('SUPER_ADMIN'),,Garder côté superadmin,tchalanet-platform/src/main/java/com/tchalanet/server/platform/archive/internal/web/PlatformArchiveController.java,128
platform_admin,Superadmin > Opérations > Archives,Superadmin sans tenant par défaut,POST,/platform/archive/partition-cleanup/execute,PlatformArchiveController,executePartitionCleanup,executePartitionCleanup,hasRole('SUPER_ADMIN'),,Garder côté superadmin,tchalanet-platform/src/main/java/com/tchalanet/server/platform/archive/internal/web/PlatformArchiveController.java,102
platform_admin,Superadmin > Opérations > Archives,Superadmin sans tenant par défaut,GET,/platform/archive/partition-cleanup/plan,PlatformArchiveController,partitionCleanupPlan,partitionCleanupPlan,hasRole('SUPER_ADMIN'),,Garder côté superadmin,tchalanet-platform/src/main/java/com/tchalanet/server/platform/archive/internal/web/PlatformArchiveController.java,91
platform_admin,Superadmin > Opérations > Archives,Superadmin sans tenant par défaut,POST,/platform/archive/restore/audit-log,PlatformArchiveController,restoreAuditLog,restoreAuditLog,hasRole('SUPER_ADMIN'),,Garder côté superadmin,tchalanet-platform/src/main/java/com/tchalanet/server/platform/archive/internal/web/PlatformArchiveController.java,70
platform_admin,Superadmin > Opérations > Archives,Superadmin sans tenant par défaut,GET,/platform/archive/runs,PlatformArchiveController,listRuns,Consulter / lister,hasRole('SUPER_ADMIN'),,Garder côté superadmin,tchalanet-platform/src/main/java/com/tchalanet/server/platform/archive/internal/web/PlatformArchiveController.java,62
platform_admin,Superadmin > Opérations > Archives,Superadmin sans tenant par défaut,POST,/platform/archive/runs,PlatformArchiveController,triggerRun,triggerRun,hasRole('SUPER_ADMIN'),,Garder côté superadmin,tchalanet-platform/src/main/java/com/tchalanet/server/platform/archive/internal/web/PlatformArchiveController.java,49
platform_admin,Superadmin > Opérations > Archives,Superadmin sans tenant par défaut,GET,/platform/archive/runs/failed,PlatformArchiveController,listFailedRuns,Consulter / lister,hasRole('SUPER_ADMIN'),,Garder côté superadmin,tchalanet-platform/src/main/java/com/tchalanet/server/platform/archive/internal/web/PlatformArchiveController.java,112
platform_admin,Superadmin > Opérations > Audit,Superadmin sans tenant par défaut,POST,/platform/audit/purge,AuditEventRestController,purgeExpiredAuditLogs,Supprimer / désactiver / archiver,hasRole('SUPER_ADMIN'),,Garder côté superadmin,tchalanet-platform/src/main/java/com/tchalanet/server/platform/audit/internal/web/AuditEventRestController.java,65
platform_admin,Superadmin > Référentiels,Superadmin sans tenant par défaut,GET,/platform/catalog/games,GameAdminController,list,Consulter / lister,hasRole('SUPER_ADMIN'),,Garder côté superadmin,tchalanet-catalog/src/main/java/com/tchalanet/server/catalog/game/internal/web/GameAdminController.java,33
platform_admin,Superadmin > Référentiels,Superadmin sans tenant par défaut,POST,/platform/catalog/games,GameAdminController,create,Créer / soumettre,hasRole('SUPER_ADMIN'),,Garder côté superadmin,tchalanet-catalog/src/main/java/com/tchalanet/server/catalog/game/internal/web/GameAdminController.java,49
platform_admin,Superadmin > Référentiels > Thèmes,Superadmin sans tenant par défaut,GET,/platform/catalog/theme-presets,ThemeAdminController,listActive,Consulter / lister,hasRole('SUPER_ADMIN'),,Garder côté superadmin,tchalanet-catalog/src/main/java/com/tchalanet/server/catalog/theme/internal/web/ThemeAdminController.java,25
platform_admin,Superadmin > Référentiels > Thèmes,Superadmin sans tenant par défaut,POST,/platform/catalog/theme-presets,ThemeAdminController,create,Créer / soumettre,hasRole('SUPER_ADMIN'),,Garder côté superadmin,tchalanet-catalog/src/main/java/com/tchalanet/server/catalog/theme/internal/web/ThemeAdminController.java,42
platform_admin,Superadmin > Référentiels > Thèmes,Superadmin sans tenant par défaut,GET,/platform/catalog/theme-presets/overview,ThemeAdminController,overview,Consulter / lister,hasRole('SUPER_ADMIN'),,Garder côté superadmin,tchalanet-catalog/src/main/java/com/tchalanet/server/catalog/theme/internal/web/ThemeAdminController.java,37
platform_admin,Superadmin > Communication,Superadmin sans tenant par défaut,GET,/platform/contact-requests,PlatformContactRequestAdminController,list,Consulter / lister,hasRole('SUPER_ADMIN'),,Garder côté superadmin,tchalanet-platform/src/main/java/com/tchalanet/server/platform/contactrequest/internal/web/PlatformContactRequestAdminController.java,38
platform_admin,Superadmin > Vue d’ensemble,Superadmin sans tenant par défaut,GET,/platform/dashboard,PlatformPageModelController,platformPageModel,platformPageModel,hasRole('SUPER_ADMIN'),,Garder côté superadmin,tchalanet-features/src/main/java/com/tchalanet/server/features/pagemodel/dashboard/PlatformPageModelController.java,25
platform_admin,Superadmin > Référentiels,Superadmin sans tenant par défaut,GET,/platform/draw-channels,PlatformDrawChannelController,list,Consulter / lister,hasRole('SUPER_ADMIN'),,Garder côté superadmin,tchalanet-catalog/src/main/java/com/tchalanet/server/catalog/drawchannel/internal/web/PlatformDrawChannelController.java,35
platform_admin,Superadmin > Référentiels,Superadmin sans tenant par défaut,POST,/platform/draw-channels,PlatformDrawChannelController,create,Créer / soumettre,hasRole('SUPER_ADMIN'),,Garder côté superadmin,tchalanet-catalog/src/main/java/com/tchalanet/server/catalog/drawchannel/internal/web/PlatformDrawChannelController.java,68
platform_admin,Superadmin > Référentiels,Superadmin sans tenant par défaut,GET,/platform/draw-channels/{channelId}/games,PlatformDrawChannelGameController,list,Consulter / lister,hasRole('SUPER_ADMIN'),,Garder côté superadmin,tchalanet-catalog/src/main/java/com/tchalanet/server/catalog/drawchannel/internal/web/PlatformDrawChannelGameController.java,29
platform_admin,Superadmin > Référentiels,Superadmin sans tenant par défaut,POST,/platform/draw-channels/{channelId}/games,PlatformDrawChannelGameController,upsert,Modifier,hasRole('SUPER_ADMIN'),,Garder côté superadmin,tchalanet-catalog/src/main/java/com/tchalanet/server/catalog/drawchannel/internal/web/PlatformDrawChannelGameController.java,38
platform_admin,Superadmin > Référentiels,Superadmin sans tenant par défaut,POST,/platform/draw-channels/{channelId}/games/bulk,PlatformDrawChannelGameController,bulkUpsert,bulkUpsert,hasRole('SUPER_ADMIN'),,Garder côté superadmin,tchalanet-catalog/src/main/java/com/tchalanet/server/catalog/drawchannel/internal/web/PlatformDrawChannelGameController.java,49
platform_admin,Superadmin > Référentiels,Superadmin sans tenant par défaut,GET,/platform/i18n-overrides,PlatformI18nOverridesController,search,Consulter / lister,hasRole('SUPER_ADMIN'),,Garder côté superadmin,tchalanet-catalog/src/main/java/com/tchalanet/server/catalog/i18n/internal/web/PlatformI18nOverridesController.java,37
platform_admin,Superadmin > Référentiels,Superadmin sans tenant par défaut,POST,/platform/i18n-overrides,PlatformI18nOverridesController,create,Créer / soumettre,hasRole('SUPER_ADMIN'),,Garder côté superadmin,tchalanet-catalog/src/main/java/com/tchalanet/server/catalog/i18n/internal/web/PlatformI18nOverridesController.java,57
platform_admin,Superadmin > Référentiels,Superadmin sans tenant par défaut,GET,/platform/i18n-overrides/overview,PlatformI18nOverridesController,overview,Consulter / lister,hasRole('SUPER_ADMIN'),,Garder côté superadmin,tchalanet-catalog/src/main/java/com/tchalanet/server/catalog/i18n/internal/web/PlatformI18nOverridesController.java,90
platform_admin,Superadmin > Référentiels,Superadmin sans tenant par défaut,GET,/platform/i18n-overrides/resolve,PlatformI18nOverridesController,resolvePlatform,resolvePlatform,hasRole('SUPER_ADMIN'),,Garder côté superadmin,tchalanet-catalog/src/main/java/com/tchalanet/server/catalog/i18n/internal/web/PlatformI18nOverridesController.java,100
platform_ops,Superadmin > Opérations > Tâches planifiées,Superadmin Ops technique/global,GET,/platform/ops/batch/executions,OpsBatchExecutionController,listExecutions,Consulter / lister,hasRole('SUPER_ADMIN'),,Garder côté superadmin,tchalanet-features/src/main/java/com/tchalanet/server/features/ops/batch/OpsBatchExecutionController.java,27
platform_ops,Superadmin > Opérations > Tâches planifiées,Superadmin Ops technique/global,GET,/platform/ops/batch/gates/:effective,OpsBatchGateController,getEffectiveGates,getEffectiveGates,hasRole('SUPER_ADMIN'),,Garder côté superadmin,tchalanet-features/src/main/java/com/tchalanet/server/features/ops/batch/OpsBatchGateController.java,46
platform_ops,Superadmin > Opérations > Tâches planifiées,Superadmin Ops technique/global,GET,/platform/ops/batch/jobs,OpsBatchJobController,listJobs,Consulter / lister,hasRole('SUPER_ADMIN'),,Garder côté superadmin,tchalanet-features/src/main/java/com/tchalanet/server/features/ops/batch/OpsBatchJobController.java,24
platform_ops,Superadmin > Opérations > Cache,Superadmin Ops technique/global,DELETE,/platform/ops/cache,CacheOpsController,clearAllCaches,Supprimer / désactiver / archiver,hasRole('SUPER_ADMIN'),,Garder côté superadmin,tchalanet-features/src/main/java/com/tchalanet/server/features/ops/cache/CacheOpsController.java,57
platform_ops,Superadmin > Opérations > Cache,Superadmin Ops technique/global,GET,/platform/ops/cache,CacheOpsController,listCaches,Consulter / lister,hasRole('SUPER_ADMIN'),,Garder côté superadmin,tchalanet-features/src/main/java/com/tchalanet/server/features/ops/cache/CacheOpsController.java,31
platform_ops,Superadmin > Opérations > Communication technique,Superadmin Ops technique/global,POST,/platform/ops/communication/email-test,PlatformCommunicationOpsController,testEmail,testEmail,hasRole('SUPER_ADMIN'),,Garder côté superadmin,tchalanet-platform/src/main/java/com/tchalanet/server/platform/communication/internal/web/PlatformCommunicationOpsController.java,48
platform_ops,Superadmin > Opérations > Communication technique,Superadmin Ops technique/global,POST,/platform/ops/communication/slack-test,PlatformCommunicationOpsController,testSlack,testSlack,hasRole('SUPER_ADMIN'),,Garder côté superadmin,tchalanet-platform/src/main/java/com/tchalanet/server/platform/communication/internal/web/PlatformCommunicationOpsController.java,30
platform_ops,Superadmin > Opérations > Résultats,Superadmin Ops technique/global,GET,/platform/ops/draw-results,DrawResultsOpsController,search,Consulter / lister,hasRole('SUPER_ADMIN'),,Garder côté superadmin,tchalanet-features/src/main/java/com/tchalanet/server/features/ops/drawresult/DrawResultsOpsController.java,207
platform_ops,Superadmin > Opérations > Résultats,Superadmin Ops technique/global,GET,/platform/ops/draw-results/by-slot,DrawResultsOpsController,getBySlot,getBySlot,hasRole('SUPER_ADMIN'),,Garder côté superadmin,tchalanet-features/src/main/java/com/tchalanet/server/features/ops/drawresult/DrawResultsOpsController.java,237
platform_ops,Superadmin > Opérations > Résultats,Superadmin Ops technique/global,POST,/platform/ops/draw-results/fetch,DrawResultsOpsController,fetch,Opération tirage/résultat,hasRole('SUPER_ADMIN'),,Garder côté superadmin,tchalanet-features/src/main/java/com/tchalanet/server/features/ops/drawresult/DrawResultsOpsController.java,58
platform_ops,Superadmin > Opérations > Résultats,Superadmin Ops technique/global,POST,/platform/ops/draw-results/manual,DrawResultsOpsController,manual,Opération tirage/résultat,hasRole('SUPER_ADMIN'),,À vérifier: dépend du tenant header/override; UI doit afficher tenant actif,tchalanet-features/src/main/java/com/tchalanet/server/features/ops/drawresult/DrawResultsOpsController.java,158
platform_ops,Superadmin > Opérations > Résultats,Superadmin Ops technique/global,POST,/platform/ops/draw-results/override,DrawResultsOpsController,override,Opération tirage/résultat,hasRole('SUPER_ADMIN'),,À vérifier: dépend du tenant header/override; UI doit afficher tenant actif,tchalanet-features/src/main/java/com/tchalanet/server/features/ops/drawresult/DrawResultsOpsController.java,130
platform_ops,Superadmin > Opérations > Résultats,Superadmin Ops technique/global,POST,/platform/ops/draw-results/refresh,DrawResultsOpsController,refresh,Opération tirage/résultat,hasRole('SUPER_ADMIN'),,À vérifier: dépend du tenant header/override; UI doit afficher tenant actif,tchalanet-features/src/main/java/com/tchalanet/server/features/ops/drawresult/DrawResultsOpsController.java,87
platform_ops,Superadmin > Opérations > Tirages,Superadmin Ops technique/global,POST,/platform/ops/draws/apply,DrawCalendarOpsController,apply,Opération tirage/résultat,hasRole('SUPER_ADMIN'),,À vérifier: dépend du tenant context ou tenantCodes selon flow,tchalanet-features/src/main/java/com/tchalanet/server/features/ops/draw/DrawCalendarOpsController.java,155
platform_ops,Superadmin > Opérations > Tirages,Superadmin Ops technique/global,POST,/platform/ops/draws/close-due,DrawCalendarOpsController,closeDue,Opération tirage/résultat,hasRole('SUPER_ADMIN'),,Garder côté superadmin,tchalanet-features/src/main/java/com/tchalanet/server/features/ops/draw/DrawCalendarOpsController.java,139
platform_ops,Superadmin > Opérations > Tirages,Superadmin Ops technique/global,POST,/platform/ops/draws/generate,DrawCalendarOpsController,generate,Opération tirage/résultat,hasRole('SUPER_ADMIN'),,Garder côté superadmin,tchalanet-features/src/main/java/com/tchalanet/server/features/ops/draw/DrawCalendarOpsController.java,58
platform_ops,Superadmin > Opérations > Tirages,Superadmin Ops technique/global,POST,/platform/ops/draws/open-today,DrawCalendarOpsController,openToday,Opération tirage/résultat,hasRole('SUPER_ADMIN'),,Garder côté superadmin,tchalanet-features/src/main/java/com/tchalanet/server/features/ops/draw/DrawCalendarOpsController.java,120
platform_ops,Superadmin > Opérations > Notifications test,Superadmin Ops technique/global,POST,/platform/ops/notifications/test,OpsNotificationController,testNotification,testNotification,hasRole('SUPER_ADMIN'),,Garder côté superadmin,tchalanet-platform/src/main/java/com/tchalanet/server/platform/notification/internal/web/OpsNotificationController.java,37
platform_ops,Superadmin > Opérations > Sync identité,Superadmin Ops technique/global,POST,/platform/ops/sync/identity/firebase-bootstrap-users,PlatformIdentitySyncOpsController,triggerFirebaseBootstrapSync,triggerFirebaseBootstrapSync,hasRole('SUPER_ADMIN'),,Garder côté superadmin,tchalanet-platform/src/main/java/com/tchalanet/server/platform/identity/internal/web/ops/PlatformIdentitySyncOpsController.java,19
platform_admin,Superadmin > Vue d’ensemble,Superadmin sans tenant par défaut,GET,/platform/overview,PlatformAdminOverviewController,overview,Consulter / lister,hasRole('SUPER_ADMIN'),,Garder côté superadmin,tchalanet-features/src/main/java/com/tchalanet/server/features/platformadmin/overview/PlatformAdminOverviewController.java,16
platform_admin,Superadmin > Référentiels,Superadmin sans tenant par défaut,GET,/platform/page-model-templates,PlatformPageModelTemplateController,search,Consulter / lister,hasRole('SUPER_ADMIN'),,Garder côté superadmin,tchalanet-catalog/src/main/java/com/tchalanet/server/catalog/pagemodeltemplate/internal/web/PlatformPageModelTemplateController.java,34
platform_admin,Superadmin > Référentiels,Superadmin sans tenant par défaut,POST,/platform/page-model-templates,PlatformPageModelTemplateController,create,Créer / soumettre,hasRole('SUPER_ADMIN'),,Garder côté superadmin,tchalanet-catalog/src/main/java/com/tchalanet/server/catalog/pagemodeltemplate/internal/web/PlatformPageModelTemplateController.java,51
platform_admin,Superadmin > Référentiels,Superadmin sans tenant par défaut,GET,/platform/page-model-templates/visible,PlatformPageModelTemplateController,visible,Consulter / lister,hasRole('SUPER_ADMIN'),,Garder côté superadmin,tchalanet-catalog/src/main/java/com/tchalanet/server/catalog/pagemodeltemplate/internal/web/PlatformPageModelTemplateController.java,28
platform_admin,Superadmin > Référentiels,Superadmin sans tenant par défaut,GET,/platform/plans,PlanAdminController,list,Consulter / lister,hasRole('SUPER_ADMIN'),,Garder côté superadmin,tchalanet-catalog/src/main/java/com/tchalanet/server/catalog/plan/internal/web/PlanAdminController.java,28
platform_admin,Superadmin > Référentiels,Superadmin sans tenant par défaut,POST,/platform/plans,PlanAdminController,create,Créer / soumettre,hasRole('SUPER_ADMIN'),,Garder côté superadmin,tchalanet-catalog/src/main/java/com/tchalanet/server/catalog/plan/internal/web/PlanAdminController.java,40
platform_admin,Superadmin > Référentiels,Superadmin sans tenant par défaut,GET,/platform/pricing,PricingAdminController,listActive,Consulter / lister,hasRole('SUPER_ADMIN'),,Garder côté superadmin,tchalanet-catalog/src/main/java/com/tchalanet/server/catalog/pricing/internal/web/PricingAdminController.java,27
platform_admin,Superadmin > Référentiels,Superadmin sans tenant par défaut,POST,/platform/pricing,PricingAdminController,create,Créer / soumettre,hasRole('SUPER_ADMIN'),,Garder côté superadmin,tchalanet-catalog/src/main/java/com/tchalanet/server/catalog/pricing/internal/web/PricingAdminController.java,41
platform_admin,Superadmin > Communication,Superadmin sans tenant par défaut,GET,/platform/public-content/news,PlatformPublicContentAdminController,list,Consulter / lister,hasRole('SUPER_ADMIN'),,Garder côté superadmin,tchalanet-platform/src/main/java/com/tchalanet/server/platform/publiccontent/internal/web/PlatformPublicContentAdminController.java,33
platform_admin,Superadmin > Communication,Superadmin sans tenant par défaut,POST,/platform/public-content/news,PlatformPublicContentAdminController,upsert,Modifier,hasRole('SUPER_ADMIN'),,Garder côté superadmin,tchalanet-platform/src/main/java/com/tchalanet/server/platform/publiccontent/internal/web/PlatformPublicContentAdminController.java,39
platform_admin,Superadmin > Communication,Superadmin sans tenant par défaut,POST,/platform/public-content/news/force-refresh,PlatformPublicContentAdminController,forceRefresh,forceRefresh,hasRole('SUPER_ADMIN'),,Garder côté superadmin,tchalanet-platform/src/main/java/com/tchalanet/server/platform/publiccontent/internal/web/PlatformPublicContentAdminController.java,77
platform_admin,Superadmin > Référentiels,Superadmin sans tenant par défaut,POST,/platform/result-slots,ResultSlotAdminController,create,Créer / soumettre,hasRole('SUPER_ADMIN'),,Garder côté superadmin,tchalanet-catalog/src/main/java/com/tchalanet/server/catalog/resultslot/internal/web/ResultSlotAdminController.java,47
platform_admin,Superadmin > Référentiels,Superadmin sans tenant par défaut,GET,/platform/result-slots/active,ResultSlotAdminController,listActive,Consulter / lister,hasRole('SUPER_ADMIN'),,Garder côté superadmin,tchalanet-catalog/src/main/java/com/tchalanet/server/catalog/resultslot/internal/web/ResultSlotAdminController.java,27
platform_admin,Superadmin > Référentiels,Superadmin sans tenant par défaut,GET,/platform/result-slots/{resultSlotId}/calendar,ResultSlotCalendarAdminController,list,Consulter / lister,hasRole('SUPER_ADMIN'),,Garder côté superadmin,tchalanet-catalog/src/main/java/com/tchalanet/server/catalog/resultslot/internal/web/ResultSlotCalendarAdminController.java,28
platform_admin,Superadmin > Référentiels,Superadmin sans tenant par défaut,POST,/platform/result-slots/{resultSlotId}/calendar,ResultSlotCalendarAdminController,create,Créer / soumettre,hasRole('SUPER_ADMIN'),,Garder côté superadmin,tchalanet-catalog/src/main/java/com/tchalanet/server/catalog/resultslot/internal/web/ResultSlotCalendarAdminController.java,35
platform_admin,Superadmin > Référentiels,Superadmin sans tenant par défaut,GET,/platform/settings,PlatformSettingsController,search,Consulter / lister,hasRole('SUPER_ADMIN'),,Garder côté superadmin,tchalanet-catalog/src/main/java/com/tchalanet/server/catalog/settings/internal/web/PlatformSettingsController.java,36
platform_admin,Superadmin > Référentiels,Superadmin sans tenant par défaut,POST,/platform/settings,PlatformSettingsController,create,Créer / soumettre,hasRole('SUPER_ADMIN'),,Garder côté superadmin,tchalanet-catalog/src/main/java/com/tchalanet/server/catalog/settings/internal/web/PlatformSettingsController.java,65
platform_admin,Superadmin > Référentiels,Superadmin sans tenant par défaut,GET,/platform/settings/overview,PlatformSettingsController,overview,Consulter / lister,hasRole('SUPER_ADMIN'),,Garder côté superadmin,tchalanet-catalog/src/main/java/com/tchalanet/server/catalog/settings/internal/web/PlatformSettingsController.java,87
platform_admin,Superadmin > Accès,Superadmin sans tenant par défaut,GET,/platform/super-admins,PlatformSuperAdminController,list,Consulter / lister,hasRole('SUPER_ADMIN'),,Garder côté superadmin,tchalanet-platform/src/main/java/com/tchalanet/server/platform/identity/internal/web/platform/PlatformSuperAdminController.java,37
platform_admin,Superadmin > Accès,Superadmin sans tenant par défaut,POST,/platform/super-admins,PlatformSuperAdminController,create,Créer / soumettre,hasRole('SUPER_ADMIN'),,Garder côté superadmin,tchalanet-platform/src/main/java/com/tchalanet/server/platform/identity/internal/web/platform/PlatformSuperAdminController.java,50
platform_admin,Superadmin > Tenants,Superadmin sans tenant par défaut,POST,/platform/tenant-onboarding/preview,TenantProvisioningController,preview,Vente / ticket,hasRole('SUPER_ADMIN'),,Garder côté superadmin,tchalanet-features/src/main/java/com/tchalanet/server/features/platformadmin/tenantonboarding/TenantProvisioningController.java,25
platform_admin,Superadmin > Tenants,Superadmin sans tenant par défaut,POST,/platform/tenant-onboarding/provision,TenantProvisioningController,provision,Créer / soumettre,hasRole('SUPER_ADMIN'),,Garder côté superadmin,tchalanet-features/src/main/java/com/tchalanet/server/features/platformadmin/tenantonboarding/TenantProvisioningController.java,32
platform_admin,Superadmin > Tenants,Superadmin sans tenant par défaut,GET,/platform/tenants,TenantAdminController,list,Consulter / lister,"hasPermission(null, 'tenant.read')",,Garder côté superadmin,tchalanet-platform/src/main/java/com/tchalanet/server/platform/tenant/internal/web/TenantAdminController.java,43
platform_admin,Superadmin > Tenants,Superadmin sans tenant par défaut,POST,/platform/tenants,TenantAdminController,create,Créer / soumettre,"hasPermission(null, 'tenant.create')",,Garder côté superadmin,tchalanet-platform/src/main/java/com/tchalanet/server/platform/tenant/internal/web/TenantAdminController.java,70
platform_admin,Superadmin > Tenants,Superadmin sans tenant par défaut,GET,/platform/tenants/by-code,TenantAdminController,getByCode,getByCode,"hasPermission(null, 'tenant.read')",,Garder côté superadmin,tchalanet-platform/src/main/java/com/tchalanet/server/platform/tenant/internal/web/TenantAdminController.java,64
public,Public,Public web/mobile,POST,/public/contact-requests,PublicContactRequestController,submit,Créer / soumettre,,,Garder,tchalanet-platform/src/main/java/com/tchalanet/server/platform/contactrequest/internal/web/PublicContactRequestController.java,27
public,Public,Public web/mobile,GET,/public/draw-results/history,PublicDrawResultController,history,history,,,Garder,tchalanet-features/src/main/java/com/tchalanet/server/features/publicdrawresults/PublicDrawResultController.java,40
public,Public,Public web/mobile,GET,/public/draw-results/latest,PublicDrawResultController,latest,latest,,,Garder,tchalanet-features/src/main/java/com/tchalanet/server/features/publicdrawresults/PublicDrawResultController.java,31
public,Public,Public web/mobile,GET,/public/i18n,PublicI18nRuntimeController,getBundle,getBundle,permitAll(),,Garder,tchalanet-catalog/src/main/java/com/tchalanet/server/catalog/i18n/internal/web/PublicI18nRuntimeController.java,28
public,Public,Public web/mobile,POST,/public/identity/reset-password,IdentityPasswordResetController,resetPassword,resetPassword,,,Garder,tchalanet-platform/src/main/java/com/tchalanet/server/platform/identity/internal/web/me/IdentityPasswordResetController.java,21
public,Public,Public web/mobile,GET,/public/managers,PublicManagersController,resolve,Consulter / lister,,,Garder,tchalanet-features/src/main/java/com/tchalanet/server/features/pagemodel/publicpage/PublicManagersController.java,21
public,Public,Public web/mobile,GET,/public/news,PublicNewsController,listPublicNews,Consulter / lister,,,Garder,tchalanet-platform/src/main/java/com/tchalanet/server/platform/publiccontent/internal/web/PublicNewsController.java,24
public,Public,Public web/mobile,GET,/public/page,PublicPageModelController,resolve,Consulter / lister,,,Garder,tchalanet-features/src/main/java/com/tchalanet/server/features/pagemodel/publicpage/PublicPageModelController.java,21
public,Public,Public web/mobile,GET,/public/security/backend-signing-keys,BackendPublicKeysController,listActiveKeys,Consulter / lister,,,Garder,tchalanet-platform/src/main/java/com/tchalanet/server/platform/keymanagement/internal/web/BackendPublicKeysController.java,19
public,Public,Public web/mobile,GET,/public/settings,PublicSettingsRuntimeController,getPublicSettings,getPublicSettings,permitAll(),,Garder,tchalanet-catalog/src/main/java/com/tchalanet/server/catalog/settings/internal/web/PublicSettingsRuntimeController.java,24
public,Public,Public web/mobile,GET,/public/tchala/by-dream,PublicTchalaController,byDream,byDream,,,Garder,tchalanet-core/src/main/java/com/tchalanet/server/core/haiti/internal/infra/web/publicapi/PublicTchalaController.java,80
public,Public,Public web/mobile,GET,/public/tchala/by-number,PublicTchalaController,byNumber,byNumber,,,Garder,tchalanet-core/src/main/java/com/tchalanet/server/core/haiti/internal/infra/web/publicapi/PublicTchalaController.java,92
public,Public,Public web/mobile,GET,/public/tchala/search,PublicTchalaController,search,Consulter / lister,,,Garder,tchalanet-core/src/main/java/com/tchalanet/server/core/haiti/internal/infra/web/publicapi/PublicTchalaController.java,53
public,Public,Public web/mobile,POST,/public/tchala/suggestions,PublicTchalaController,submitSuggestion,submitSuggestion,,,Garder,tchalanet-core/src/main/java/com/tchalanet/server/core/haiti/internal/infra/web/publicapi/PublicTchalaController.java,128
public,Public,Public web/mobile,GET,/public/tchala/suggestions/status,PublicTchalaController,suggestionStatus,suggestionStatus,,,Garder,tchalanet-core/src/main/java/com/tchalanet/server/core/haiti/internal/infra/web/publicapi/PublicTchalaController.java,119
public,Public,Public web/mobile,GET,/public/tenant/runtime,TenantRuntimeController,publicRuntime,publicRuntime,,,Garder,tchalanet-platform/src/main/java/com/tchalanet/server/platform/tenant/internal/web/TenantRuntimeController.java,19
public,Public,Public web/mobile,GET,/public/theme/runtime,PublicThemeRuntimeController,publicRuntime,publicRuntime,,,Garder,tchalanet-platform/src/main/java/com/tchalanet/server/platform/tenanttheme/internal/web/PublicThemeRuntimeController.java,20
public,Public,Public web/mobile,POST,/public/tickets/verify,TicketVerifyController,verify,Vente / ticket,permitAll(),,Garder,tchalanet-features/src/main/java/com/tchalanet/server/features/ticketverify/TicketVerifyController.java,43
pos_terminal,POS / Terminal vendeur,POS seller-terminal,GET,/tenant/cashier/draws/available,PosDrawsController,available,available,"hasAuthority('ACTOR_SELLER_TERMINAL') or hasAnyRole('TENANT_OWNER', 'TENANT_ADMIN', 'SUPER_ADMIN')",,Garder POS; vocabulaire Cashier à renommer SellerTerminal plus tard,tchalanet-features/src/main/java/com/tchalanet/server/features/pos/draws/PosDrawsController.java,23
pos_terminal,POS / Terminal vendeur,POS seller-terminal,GET,/tenant/cashier/games/available,PosGamesController,available,available,"hasAuthority('ACTOR_SELLER_TERMINAL') or hasAnyRole('TENANT_OWNER', 'TENANT_ADMIN', 'SUPER_ADMIN')",,Garder POS; vocabulaire Cashier à renommer SellerTerminal plus tard,tchalanet-features/src/main/java/com/tchalanet/server/features/pos/games/PosGamesController.java,20
pos_terminal,POS / Terminal vendeur,POS seller-terminal,GET,/tenant/cashier/home,PosHomeController,mobileHome,mobileHome,"hasAuthority('ACTOR_SELLER_TERMINAL') or hasAnyRole('TENANT_OWNER', 'TENANT_ADMIN', 'SUPER_ADMIN')",,Garder POS; vocabulaire Cashier à renommer SellerTerminal plus tard,tchalanet-features/src/main/java/com/tchalanet/server/features/pos/home/web/PosHomeController.java,26
pos_terminal,POS / Terminal vendeur,POS seller-terminal,GET,/tenant/cashier/readiness,PosHomeController,readiness,readiness,"hasAuthority('ACTOR_SELLER_TERMINAL') or hasAnyRole('TENANT_OWNER', 'TENANT_ADMIN', 'SUPER_ADMIN')",,Garder POS; vocabulaire Cashier à renommer SellerTerminal plus tard,tchalanet-features/src/main/java/com/tchalanet/server/features/pos/home/web/PosHomeController.java,34
pos_terminal,POS / Terminal vendeur,POS seller-terminal,GET,/tenant/cashier/tickets,PosTicketsController,list,Consulter / lister,"hasAuthority('ACTOR_SELLER_TERMINAL') or hasAnyRole('TENANT_OWNER', 'TENANT_ADMIN', 'SUPER_ADMIN')",,Garder POS; vocabulaire Cashier à renommer SellerTerminal plus tard,tchalanet-features/src/main/java/com/tchalanet/server/features/pos/tickets/PosTicketsController.java,108
pos_terminal,POS / Terminal vendeur,POS seller-terminal,POST,/tenant/cashier/tickets/preview,PosTicketsController,preview,Vente / ticket,"hasAuthority('ACTOR_SELLER_TERMINAL') or hasAnyRole('TENANT_OWNER', 'TENANT_ADMIN', 'SUPER_ADMIN')",,Garder POS; vocabulaire Cashier à renommer SellerTerminal plus tard,tchalanet-features/src/main/java/com/tchalanet/server/features/pos/tickets/PosTicketsController.java,56
pos_terminal,POS / Terminal vendeur,POS seller-terminal,POST,/tenant/cashier/tickets/sell,PosTicketsController,sell,Vente / ticket,"hasAuthority('ACTOR_SELLER_TERMINAL') or hasAnyRole('TENANT_OWNER', 'TENANT_ADMIN', 'SUPER_ADMIN')",,Garder POS; vocabulaire Cashier à renommer SellerTerminal plus tard,tchalanet-features/src/main/java/com/tchalanet/server/features/pos/tickets/PosTicketsController.java,74
pos_terminal,POS / Terminal vendeur,POS seller-terminal,GET,/tenant/cashier/tickets/stats,PosTicketsController,stats,Vente / ticket,"hasAuthority('ACTOR_SELLER_TERMINAL') or hasAnyRole('TENANT_OWNER', 'TENANT_ADMIN', 'SUPER_ADMIN')",,Garder POS; vocabulaire Cashier à renommer SellerTerminal plus tard,tchalanet-features/src/main/java/com/tchalanet/server/features/pos/tickets/PosTicketsController.java,100
pos_terminal,POS / Terminal vendeur,POS seller-terminal,POST,/tenant/cashier/tickets/verify,PosTicketsController,verify,Vente / ticket,"hasAuthority('ACTOR_SELLER_TERMINAL') or hasAnyRole('TENANT_OWNER', 'TENANT_ADMIN', 'SUPER_ADMIN')",,Garder POS; vocabulaire Cashier à renommer SellerTerminal plus tard,tchalanet-features/src/main/java/com/tchalanet/server/features/pos/tickets/PosTicketsController.java,65
tenant_runtime,Runtime tenant / bootstrap,Runtime privé tenant / apps,GET,/tenant/dashboard,TenantPageModelController,tenantPageModel,tenantPageModel,isAuthenticated(),,Garder,tchalanet-features/src/main/java/com/tchalanet/server/features/pagemodel/dashboard/TenantPageModelController.java,27
tenant_runtime,Runtime tenant / bootstrap,Runtime privé tenant / apps,GET,/tenant/draw-channels,TenantDrawChannelController,list,Consulter / lister,hasAuthority('TENANT_READ'),,Garder,tchalanet-catalog/src/main/java/com/tchalanet/server/catalog/drawchannel/internal/web/TenantDrawChannelController.java,26
tenant_runtime,Runtime tenant / bootstrap,Runtime privé tenant / apps,GET,/tenant/draw-channels/games,TenantDrawChannelController,gamesMap,gamesMap,hasAuthority('TENANT_READ'),,Garder,tchalanet-catalog/src/main/java/com/tchalanet/server/catalog/drawchannel/internal/web/TenantDrawChannelController.java,53
tenant_runtime,Runtime tenant / bootstrap,Runtime privé tenant / apps,GET,/tenant/games/runtime,TenantGameRuntimeController,runtime,Consulter / lister,,,Garder,tchalanet-platform/src/main/java/com/tchalanet/server/platform/tenantgame/internal/web/TenantGameRuntimeController.java,23
tenant_runtime,Runtime tenant / bootstrap,Runtime privé tenant / apps,GET,/tenant/me/capabilities,TenantCapabilityController,getMyCapabilities,getMyCapabilities,isAuthenticated(),,Garder,tchalanet-platform/src/main/java/com/tchalanet/server/platform/entitlement/internal/TenantCapabilityController.java,20
tenant_runtime,Runtime tenant / bootstrap,Runtime privé tenant / apps,GET,/tenant/me/notifications,TenantNotificationController,list,Consulter / lister,"hasAnyRole('TENANT_ADMIN', 'SUPER_ADMIN')",,Garder,tchalanet-platform/src/main/java/com/tchalanet/server/platform/notification/internal/web/TenantNotificationController.java,47
tenant_runtime,Runtime tenant / bootstrap,Runtime privé tenant / apps,POST,/tenant/me/notifications/archive,TenantNotificationController,archive,Supprimer / désactiver / archiver,"hasAnyRole('TENANT_ADMIN', 'SUPER_ADMIN')",,Garder,tchalanet-platform/src/main/java/com/tchalanet/server/platform/notification/internal/web/TenantNotificationController.java,91
tenant_runtime,Runtime tenant / bootstrap,Runtime privé tenant / apps,POST,/tenant/me/notifications/read,TenantNotificationController,markRead,markRead,"hasAnyRole('TENANT_ADMIN', 'SUPER_ADMIN')",,Garder,tchalanet-platform/src/main/java/com/tchalanet/server/platform/notification/internal/web/TenantNotificationController.java,74
tenant_runtime,Runtime tenant / bootstrap,Runtime privé tenant / apps,GET,/tenant/me/notifications/summary,TenantNotificationController,summary,Consulter / lister,"hasAnyRole('TENANT_ADMIN', 'SUPER_ADMIN')",,Garder,tchalanet-platform/src/main/java/com/tchalanet/server/platform/notification/internal/web/TenantNotificationController.java,40
tenant_runtime,Runtime tenant / bootstrap,Runtime privé tenant / apps,GET,/tenant/me/operational-context,CurrentOperationalContextController,current,current,hasAuthority('ACTOR_SELLER_TERMINAL'),,Garder,tchalanet-core/src/main/java/com/tchalanet/server/core/sellerterminal/internal/infra/web/tenant/CurrentOperationalContextController.java,28
tenant_runtime,Runtime tenant / bootstrap,Runtime privé tenant / apps,GET,/tenant/me/profile,CurrentUserProfileController,me,Consulter / lister,"hasAnyRole('TENANT_ADMIN', 'SUPER_ADMIN', 'OPERATOR')",,Garder,tchalanet-platform/src/main/java/com/tchalanet/server/platform/identity/internal/web/me/CurrentUserProfileController.java,45
tenant_runtime,Runtime tenant / bootstrap,Runtime privé tenant / apps,PATCH,/tenant/me/profile,CurrentUserProfileController,updateProfile,Modifier,"hasAnyRole('TENANT_ADMIN', 'SUPER_ADMIN', 'OPERATOR')",,Garder,tchalanet-platform/src/main/java/com/tchalanet/server/platform/identity/internal/web/me/CurrentUserProfileController.java,76
tenant_runtime,Runtime tenant / bootstrap,Runtime privé tenant / apps,POST,/tenant/me/profile/bootstrap,CurrentUserProfileController,bootstrap,bootstrap,"hasAnyRole('TENANT_ADMIN', 'SUPER_ADMIN', 'OPERATOR')",,Garder,tchalanet-platform/src/main/java/com/tchalanet/server/platform/identity/internal/web/me/CurrentUserProfileController.java,54
tenant_runtime,Admin tenant > Rapports,Runtime privé tenant / apps,GET,/tenant/reports/sales-by-period-and-game,GetSalesReportByPeriodAndGameController,getSalesReport,getSalesReport,"hasAnyRole('TENANT_OWNER', 'TENANT_ADMIN', 'SUPER_ADMIN')",,Garder,tchalanet-features/src/main/java/com/tchalanet/server/features/reporting/salesreport/GetSalesReportByPeriodAndGameController.java,25
tenant_runtime,Admin tenant > Rapports,Runtime privé tenant / apps,GET,/tenant/reports/tenant-kpis,GetTenantKpisController,get,Consulter / lister,"hasAnyRole('TENANT_OWNER', 'TENANT_ADMIN', 'SUPER_ADMIN') or hasAuthority('ACTOR_SELLER_TERMINAL')",,Garder,tchalanet-features/src/main/java/com/tchalanet/server/features/reporting/tenantkpis/GetTenantKpisController.java,24
tenant_runtime,Runtime tenant / bootstrap,Runtime privé tenant / apps,GET,/tenant/runtime,TenantRuntimeController,runtime,Consulter / lister,,,Garder,tchalanet-platform/src/main/java/com/tchalanet/server/platform/tenant/internal/web/TenantRuntimeController.java,26
tenant_runtime,Runtime tenant / bootstrap,Runtime privé tenant / apps,GET,/tenant/runtime/state,PrivateBootstrapRuntimeController,privateState,privateState,isAuthenticated(),,Garder,tchalanet-features/src/main/java/com/tchalanet/server/features/bootstrap/privateruntime/PrivateBootstrapRuntimeController.java,28
tenant_runtime,POS / Terminal vendeur,Runtime privé tenant / apps,POST,/tenant/sales/preparations,SalePreparationController,prepare,Créer / soumettre,hasPermission('ticket.sell'),,Garder,tchalanet-core/src/main/java/com/tchalanet/server/core/sales/internal/infra/web/SalePreparationController.java,41
pos_terminal,POS / Terminal vendeur,POS seller-terminal,GET,/tenant/seller-terminal/me,SellerTerminalMeController,me,Consulter / lister,hasAuthority('ACTOR_SELLER_TERMINAL'),,Garder,tchalanet-core/src/main/java/com/tchalanet/server/core/sellerterminal/internal/infra/web/tenant/SellerTerminalMeController.java,34
pos_terminal,POS / Terminal vendeur,POS seller-terminal,POST,/tenant/seller-terminal/me/change-pin,SellerTerminalMeController,changePin,Modifier,hasAuthority('ACTOR_SELLER_TERMINAL'),,Garder,tchalanet-core/src/main/java/com/tchalanet/server/core/sellerterminal/internal/infra/web/tenant/SellerTerminalMeController.java,42
pos_terminal,POS / Terminal vendeur,POS seller-terminal,GET,/tenant/seller-terminal/operational-context,CurrentOperationalContextController,current,current,hasAuthority('ACTOR_SELLER_TERMINAL'),,Garder,tchalanet-core/src/main/java/com/tchalanet/server/core/sellerterminal/internal/infra/web/tenant/CurrentOperationalContextController.java,28
tenant_runtime,Runtime tenant / bootstrap,Runtime privé tenant / apps,GET,/tenant/settings/resolve,TenantSettingsController,resolve,Consulter / lister,"hasAnyRole('TENANT_ADMIN', 'SUPER_ADMIN')",,Garder,tchalanet-catalog/src/main/java/com/tchalanet/server/catalog/settings/internal/web/TenantSettingsController.java,24
tenant_runtime,Runtime tenant / bootstrap,Runtime privé tenant / apps,GET,/tenant/subscription,SubscriptionController,getMySubscription,getMySubscription,"hasAnyRole('TENANT_OWNER', 'TENANT_ADMIN', 'SUPER_ADMIN')",,Garder,tchalanet-core/src/main/java/com/tchalanet/server/core/subscription/internal/web/SubscriptionController.java,30
pos_terminal,POS / Terminal vendeur,POS seller-terminal,GET,/tenant/terminal/me,SellerTerminalMeController,me,Consulter / lister,hasAuthority('ACTOR_SELLER_TERMINAL'),,Garder,tchalanet-core/src/main/java/com/tchalanet/server/core/sellerterminal/internal/infra/web/tenant/SellerTerminalMeController.java,34
pos_terminal,POS / Terminal vendeur,POS seller-terminal,POST,/tenant/terminal/me/change-pin,SellerTerminalMeController,changePin,Modifier,hasAuthority('ACTOR_SELLER_TERMINAL'),,Garder,tchalanet-core/src/main/java/com/tchalanet/server/core/sellerterminal/internal/infra/web/tenant/SellerTerminalMeController.java,42
tenant_runtime,Runtime tenant / bootstrap,Runtime privé tenant / apps,GET,/tenant/theme/runtime,PublicThemeRuntimeController,runtime,Consulter / lister,,,Garder,tchalanet-platform/src/main/java/com/tchalanet/server/platform/tenanttheme/internal/web/PublicThemeRuntimeController.java,28
tenant_runtime,POS / Terminal vendeur,Runtime privé tenant / apps,GET,/tenant/tickets,TicketQueryController,list,Consulter / lister,"hasAnyRole('TENANT_OWNER', 'TENANT_ADMIN', 'SUPER_ADMIN') or hasAuthority('ACTOR_SELLER_TERMINAL')",,Garder,tchalanet-core/src/main/java/com/tchalanet/server/core/sales/internal/infra/web/TicketQueryController.java,47
tenant_runtime,POS / Terminal vendeur,Runtime privé tenant / apps,POST,/tenant/tickets,TicketSalesController,sell,Vente / ticket,hasPermission('ticket.sell'),,Garder,tchalanet-core/src/main/java/com/tchalanet/server/core/sales/internal/infra/web/TicketSalesController.java,51
