module,package,controller,tag,class_base_path,http_method,method_path,full_path,java_method,pre_authorize,required_feature,source,line
tchalanet-server,com.tchalanet.server.platform.accesscontrol.internal.web,AccessControlAdminController,Admin • Access Control,/admin/access-control,GET,/permissions,/admin/access-control/permissions,listPermissions,hasPermission('permission.read'),,tchalanet-platform/src/main/java/com/tchalanet/server/platform/accesscontrol/internal/web/AccessControlAdminController.java,59
tchalanet-server,com.tchalanet.server.platform.accesscontrol.internal.web,AccessControlAdminController,Admin • Access Control,/admin/access-control,GET,/roles,/admin/access-control/roles,listRoles,hasPermission('role.read'),,tchalanet-platform/src/main/java/com/tchalanet/server/platform/accesscontrol/internal/web/AccessControlAdminController.java,50
tchalanet-server,com.tchalanet.server.platform.archive.internal.web,AdminArchiveController,Admin - Archive,/admin/archive,GET,/audit,/admin/archive/audit,getArchivedAudit,"hasPermission(null, 'archive.read')",,tchalanet-platform/src/main/java/com/tchalanet/server/platform/archive/internal/web/AdminArchiveController.java,58
tchalanet-server,com.tchalanet.server.platform.tenant.internal.web,BusinessDayOverrideController,Tenant • Business Days,/admin/business-days,GET,,/admin/business-days,list,"hasAnyRole('TENANT_ADMIN', 'SUPER_ADMIN')",,tchalanet-platform/src/main/java/com/tchalanet/server/platform/tenant/internal/web/BusinessDayOverrideController.java,28
tchalanet-server,com.tchalanet.server.platform.tenant.internal.web,BusinessDayOverrideController,Tenant • Business Days,/admin/business-days,PUT,,/admin/business-days,upsert,"hasAnyRole('TENANT_ADMIN', 'SUPER_ADMIN')",,tchalanet-platform/src/main/java/com/tchalanet/server/platform/tenant/internal/web/BusinessDayOverrideController.java,38
tchalanet-server,com.tchalanet.server.features.tenantadmin.commission,TenantAdminCommissionController,Commission • Admin,/admin/commission,PUT,/default-rate,/admin/commission/default-rate,setDefaultRate,"hasAnyRole('TENANT_OWNER', 'TENANT_ADMIN', 'SUPER_ADMIN')",,tchalanet-features/src/main/java/com/tchalanet/server/features/tenantadmin/commission/TenantAdminCommissionController.java,72
tchalanet-server,com.tchalanet.server.features.tenantadmin.commission,TenantAdminCommissionController,Commission • Admin,/admin/commission,GET,/overview,/admin/commission/overview,overview,"hasAnyRole('TENANT_OWNER', 'TENANT_ADMIN', 'SUPER_ADMIN')",,tchalanet-features/src/main/java/com/tchalanet/server/features/tenantadmin/commission/TenantAdminCommissionController.java,55
tchalanet-server,com.tchalanet.server.features.tenantadmin.commission,TenantAdminCommissionController,Commission • Admin,/admin/commission,GET,/sellers,/admin/commission/sellers,listSellerCommissions,"hasAnyRole('TENANT_OWNER', 'TENANT_ADMIN', 'SUPER_ADMIN')",,tchalanet-features/src/main/java/com/tchalanet/server/features/tenantadmin/commission/TenantAdminCommissionController.java,82
tchalanet-server,com.tchalanet.server.core.pricing.internal.infra.web.admin,PricingOverrideAdminController,Pricing • Admin,/admin/controls/odds,GET,,/admin/controls/odds,getTenantDefaultOdds,"hasAnyRole('TENANT_OWNER', 'TENANT_ADMIN', 'SUPER_ADMIN')",,tchalanet-core/src/main/java/com/tchalanet/server/core/pricing/internal/infra/web/admin/PricingOverrideAdminController.java,40
tchalanet-server,com.tchalanet.server.core.drawresult.internal.infra.web,DrawResultsController,Admin • Draw Results,/admin/draw-results,GET,,/admin/draw-results,list,"hasAnyRole('TENANT_OWNER', 'TENANT_ADMIN', 'SUPER_ADMIN')",,tchalanet-core/src/main/java/com/tchalanet/server/core/drawresult/internal/infra/web/DrawResultsController.java,36
tchalanet-server,com.tchalanet.server.core.drawresult.internal.infra.web,DrawResultsController,Admin • Draw Results,/admin/draw-results,GET,/last-days,/admin/draw-results/last-days,listLastDays,"hasAnyRole('TENANT_OWNER', 'TENANT_ADMIN', 'SUPER_ADMIN')",,tchalanet-core/src/main/java/com/tchalanet/server/core/drawresult/internal/infra/web/DrawResultsController.java,94
tchalanet-server,com.tchalanet.server.features.tenantadmin.drawresult,TenantAdminDrawResultController,Tenant Admin • Draw Results,/admin/draw-results,POST,/manual,/admin/draw-results/manual,propose,"hasAnyRole('TENANT_OWNER', 'TENANT_ADMIN')",,tchalanet-features/src/main/java/com/tchalanet/server/features/tenantadmin/drawresult/TenantAdminDrawResultController.java,32
tchalanet-server,com.tchalanet.server.core.drawresult.internal.infra.web,DrawResultsController,Admin • Draw Results,/admin/draw-results,GET,/today,/admin/draw-results/today,listToday,"hasAnyRole('TENANT_OWNER', 'TENANT_ADMIN', 'SUPER_ADMIN')",,tchalanet-core/src/main/java/com/tchalanet/server/core/drawresult/internal/infra/web/DrawResultsController.java,67
tchalanet-server,com.tchalanet.server.core.draw.internal.infra.web,DrawQueryAdminController,Draws • Admin,/admin/draws,GET,,/admin/draws,listDraws,"hasAnyRole('TENANT_OWNER', 'TENANT_ADMIN', 'SUPER_ADMIN')",,tchalanet-core/src/main/java/com/tchalanet/server/core/draw/internal/infra/web/DrawQueryAdminController.java,37
tchalanet-server,com.tchalanet.server.core.draw.internal.infra.web,DrawQueryAdminController,Draws • Admin,/admin/draws,GET,/latest-with-results,/admin/draws/latest-with-results,latestWithResults,"hasAnyRole('TENANT_OWNER', 'TENANT_ADMIN', 'SUPER_ADMIN')",,tchalanet-core/src/main/java/com/tchalanet/server/core/draw/internal/infra/web/DrawQueryAdminController.java,112
tchalanet-server,com.tchalanet.server.core.draw.internal.infra.web,DrawQueryAdminController,Draws • Admin,/admin/draws,GET,/next,/admin/draws/next,nextDraws,"hasAnyRole('TENANT_OWNER', 'TENANT_ADMIN', 'SUPER_ADMIN')",,tchalanet-core/src/main/java/com/tchalanet/server/core/draw/internal/infra/web/DrawQueryAdminController.java,92
tchalanet-server,com.tchalanet.server.core.draw.internal.infra.web,DrawQueryAdminController,Draws • Admin,/admin/draws,GET,/today,/admin/draws/today,todayDraws,"hasAnyRole('TENANT_OWNER', 'TENANT_ADMIN', 'SUPER_ADMIN')",,tchalanet-core/src/main/java/com/tchalanet/server/core/draw/internal/infra/web/DrawQueryAdminController.java,57
tchalanet-server,com.tchalanet.server.core.draw.internal.infra.web,DrawQueryAdminController,Draws • Admin,/admin/draws,GET,/upcoming,/admin/draws/upcoming,upcomingDraws,"hasAnyRole('TENANT_OWNER', 'TENANT_ADMIN', 'SUPER_ADMIN')",,tchalanet-core/src/main/java/com/tchalanet/server/core/draw/internal/infra/web/DrawQueryAdminController.java,72
tchalanet-server,com.tchalanet.server.platform.tenantgame.internal.web,TenantGameAdminController,Admin • Games,/admin/games,GET,,/admin/games,list,"hasPermission(null, 'tenantgame.read')",,tchalanet-platform/src/main/java/com/tchalanet/server/platform/tenantgame/internal/web/TenantGameAdminController.java,45
tchalanet-server,com.tchalanet.server.platform.tenantgame.internal.web,TenantGameAdminController,Admin • Games,/admin/games,GET,/catalog,/admin/games/catalog,catalog,"hasPermission(null, 'tenantgame.read')",,tchalanet-platform/src/main/java/com/tchalanet/server/platform/tenantgame/internal/web/TenantGameAdminController.java,65
tchalanet-server,com.tchalanet.server.platform.identity.internal.web.admin,IdentityUserAdminController,Admin • Identity Users,/admin/identity/users,GET,,/admin/identity/users,list,"hasAnyRole('TENANT_ADMIN','SUPER_ADMIN')",,tchalanet-platform/src/main/java/com/tchalanet/server/platform/identity/internal/web/admin/IdentityUserAdminController.java,71
tchalanet-server,com.tchalanet.server.platform.identity.internal.web.admin,IdentityUserAdminController,Admin • Identity Users,/admin/identity/users,POST,,/admin/identity/users,create,"hasAnyRole('TENANT_ADMIN','SUPER_ADMIN')",,tchalanet-platform/src/main/java/com/tchalanet/server/platform/identity/internal/web/admin/IdentityUserAdminController.java,105
tchalanet-server,com.tchalanet.server.platform.notification.internal.web,AdminNotificationController,Admin • Notifications,/admin/notifications,GET,,/admin/notifications,list,hasRole('TENANT_ADMIN') or hasRole('SUPER_ADMIN'),,tchalanet-platform/src/main/java/com/tchalanet/server/platform/notification/internal/web/AdminNotificationController.java,45
tchalanet-server,com.tchalanet.server.platform.notification.internal.web,AdminNotificationController,Admin • Notifications,/admin/notifications,POST,,/admin/notifications,create,hasRole('TENANT_ADMIN') or hasRole('SUPER_ADMIN'),,tchalanet-platform/src/main/java/com/tchalanet/server/platform/notification/internal/web/AdminNotificationController.java,65
tchalanet-server,com.tchalanet.server.platform.notification.internal.web,AdminNotificationController,Admin • Notifications,/admin/notifications,GET,/deliveries,/admin/notifications/deliveries,deliveries,hasRole('TENANT_ADMIN') or hasRole('SUPER_ADMIN'),,tchalanet-platform/src/main/java/com/tchalanet/server/platform/notification/internal/web/AdminNotificationController.java,97
tchalanet-server,com.tchalanet.server.platform.notification.internal.web,AdminNotificationController,Admin • Notifications,/admin/notifications,GET,/summary,/admin/notifications/summary,summary,hasRole('TENANT_ADMIN') or hasRole('SUPER_ADMIN'),,tchalanet-platform/src/main/java/com/tchalanet/server/platform/notification/internal/web/AdminNotificationController.java,38
tchalanet-server,com.tchalanet.server.features.tenantadmin.overview,TenantAdminOverviewController,Tenant Admin • Overview,/admin,GET,/overview,/admin/overview,overview,"hasAnyRole('TENANT_OWNER', 'TENANT_ADMIN', 'SUPER_ADMIN')",,tchalanet-features/src/main/java/com/tchalanet/server/features/tenantadmin/overview/TenantAdminOverviewController.java,22
tchalanet-server,com.tchalanet.server.core.pagemodel.internal.infra.web,PageModelAdminController,Admin • PageModel,/admin/pagemodels,GET,,/admin/pagemodels,list,hasRole('SUPER_ADMIN'),,tchalanet-core/src/main/java/com/tchalanet/server/core/pagemodel/internal/infra/web/PageModelAdminController.java,46
tchalanet-server,com.tchalanet.server.core.pagemodel.internal.infra.web,PageModelAdminController,Admin • PageModel,/admin/pagemodels,POST,,/admin/pagemodels,create,hasRole('SUPER_ADMIN'),,tchalanet-core/src/main/java/com/tchalanet/server/core/pagemodel/internal/infra/web/PageModelAdminController.java,71
tchalanet-server,com.tchalanet.server.core.limitpolicy.internal.infra.web.admin,LimitPolicyAdminController,Limit Policy • Admin,/admin/policies/limits,GET,/assignments,/admin/policies/limits/assignments,listAssignments,"hasAnyRole('TENANT_OWNER', 'TENANT_ADMIN', 'SUPER_ADMIN')",,tchalanet-core/src/main/java/com/tchalanet/server/core/limitpolicy/internal/infra/web/admin/LimitPolicyAdminController.java,49
tchalanet-server,com.tchalanet.server.core.limitpolicy.internal.infra.web.admin,LimitPolicyAdminController,Limit Policy • Admin,/admin/policies/limits,PUT,/assignments,/admin/policies/limits/assignments,upsertAssignment,"hasAnyRole('TENANT_OWNER', 'TENANT_ADMIN', 'SUPER_ADMIN')",,tchalanet-core/src/main/java/com/tchalanet/server/core/limitpolicy/internal/infra/web/admin/LimitPolicyAdminController.java,61
tchalanet-server,com.tchalanet.server.core.limitpolicy.internal.infra.web.admin,LimitPolicyAdminController,Limit Policy • Admin,/admin/policies/limits,GET,/rules,/admin/policies/limits/rules,listAvailableRules,"hasAnyRole('TENANT_OWNER', 'TENANT_ADMIN', 'SUPER_ADMIN')",,tchalanet-core/src/main/java/com/tchalanet/server/core/limitpolicy/internal/infra/web/admin/LimitPolicyAdminController.java,92
tchalanet-server,com.tchalanet.server.core.promotion.internal.infra.web.admin,PromotionCampaignAdminController,Promotion • Campaigns • Admin,/admin/promotions/campaigns,GET,,/admin/promotions/campaigns,list,"hasAnyRole('TENANT_OWNER', 'TENANT_ADMIN', 'SUPER_ADMIN')",,tchalanet-core/src/main/java/com/tchalanet/server/core/promotion/internal/infra/web/admin/PromotionCampaignAdminController.java,48
tchalanet-server,com.tchalanet.server.core.promotion.internal.infra.web.admin,PromotionCampaignAdminController,Promotion • Campaigns • Admin,/admin/promotions/campaigns,POST,,/admin/promotions/campaigns,create,"hasAnyRole('TENANT_OWNER', 'TENANT_ADMIN', 'SUPER_ADMIN')",,tchalanet-core/src/main/java/com/tchalanet/server/core/promotion/internal/infra/web/admin/PromotionCampaignAdminController.java,68
tchalanet-server,com.tchalanet.server.core.promotion.internal.infra.web.admin,PromotionCampaignAdminController,Promotion • Campaigns • Admin,/admin/promotions/campaigns,POST,/templates/default-maryaj-gratis/instantiate,/admin/promotions/campaigns/templates/default-maryaj-gratis/instantiate,instantiateDefaultMaryajGratis,"hasAnyRole('TENANT_OWNER', 'TENANT_ADMIN', 'SUPER_ADMIN')",,tchalanet-core/src/main/java/com/tchalanet/server/core/promotion/internal/infra/web/admin/PromotionCampaignAdminController.java,89
tchalanet-server,com.tchalanet.server.core.promotion.internal.infra.web.admin,PromotionRuleAdminController,Promotion • Rules • Admin,/admin/promotions/campaigns/{campaignId}/rules,POST,,/admin/promotions/campaigns/{campaignId}/rules,addRule,"hasAnyRole('TENANT_OWNER', 'TENANT_ADMIN', 'SUPER_ADMIN')",,tchalanet-core/src/main/java/com/tchalanet/server/core/promotion/internal/infra/web/admin/PromotionRuleAdminController.java,43
tchalanet-server,com.tchalanet.server.core.sellerterminal.internal.infra.web.admin,SellerTerminalAdminController,Seller-terminals • Admin,/admin/seller-terminals,GET,,/admin/seller-terminals,list,"hasAnyRole('TENANT_OWNER', 'TENANT_ADMIN', 'SUPER_ADMIN')",,tchalanet-core/src/main/java/com/tchalanet/server/core/sellerterminal/internal/infra/web/admin/SellerTerminalAdminController.java,59
tchalanet-server,com.tchalanet.server.core.sellerterminal.internal.infra.web.admin,SellerTerminalAdminController,Seller-terminals • Admin,/admin/seller-terminals,POST,,/admin/seller-terminals,create,"hasAnyRole('TENANT_OWNER', 'TENANT_ADMIN', 'SUPER_ADMIN')",,tchalanet-core/src/main/java/com/tchalanet/server/core/sellerterminal/internal/infra/web/admin/SellerTerminalAdminController.java,85
tchalanet-server,com.tchalanet.server.features.tenantadmin.setup,AdminSetupController,Admin • Setup,/admin/setup,GET,/draw-sales-matrix,/admin/setup/draw-sales-matrix,drawSalesMatrix,"hasPermission(null, 'tenantgame.read')",,tchalanet-features/src/main/java/com/tchalanet/server/features/tenantadmin/setup/AdminSetupController.java,30
tchalanet-server,com.tchalanet.server.features.tenantadmin.setup,AdminSetupController,Admin • Setup,/admin/setup,GET,/games-pricing,/admin/setup/games-pricing,gamesPricing,"hasPermission(null, 'tenantgame.read')",,tchalanet-features/src/main/java/com/tchalanet/server/features/tenantadmin/setup/AdminSetupController.java,24
tchalanet-server,com.tchalanet.server.core.haiti.internal.infra.web.adminapi,AdminTchalaController,Admin • Tchala,/admin/tchala,POST,/approve,/admin/tchala/approve,approve,hasRole('SUPER_ADMIN'),,tchalanet-core/src/main/java/com/tchalanet/server/core/haiti/internal/infra/web/adminapi/AdminTchalaController.java,73
tchalanet-server,com.tchalanet.server.core.haiti.internal.infra.web.adminapi,AdminTchalaController,Admin • Tchala,/admin/tchala,POST,/delete,/admin/tchala/delete,deleteEntries,hasRole('SUPER_ADMIN'),,tchalanet-core/src/main/java/com/tchalanet/server/core/haiti/internal/infra/web/adminapi/AdminTchalaController.java,136
tchalanet-server,com.tchalanet.server.core.haiti.internal.infra.web.adminapi,AdminTchalaController,Admin • Tchala,/admin/tchala,POST,/import,/admin/tchala/import,uploadImport,hasRole('SUPER_ADMIN'),,tchalanet-core/src/main/java/com/tchalanet/server/core/haiti/internal/infra/web/adminapi/AdminTchalaController.java,106
tchalanet-server,com.tchalanet.server.core.haiti.internal.infra.web.adminapi,AdminTchalaController,Admin • Tchala,/admin/tchala,POST,/merge,/admin/tchala/merge,merge,hasRole('SUPER_ADMIN'),,tchalanet-core/src/main/java/com/tchalanet/server/core/haiti/internal/infra/web/adminapi/AdminTchalaController.java,95
tchalanet-server,com.tchalanet.server.core.haiti.internal.infra.web.adminapi,AdminTchalaController,Admin • Tchala,/admin/tchala,GET,/pending,/admin/tchala/pending,pending,hasRole('SUPER_ADMIN'),,tchalanet-core/src/main/java/com/tchalanet/server/core/haiti/internal/infra/web/adminapi/AdminTchalaController.java,48
tchalanet-server,com.tchalanet.server.core.haiti.internal.infra.web.adminapi,AdminTchalaController,Admin • Tchala,/admin/tchala,POST,/reject,/admin/tchala/reject,reject,hasRole('SUPER_ADMIN'),,tchalanet-core/src/main/java/com/tchalanet/server/core/haiti/internal/infra/web/adminapi/AdminTchalaController.java,87
tchalanet-server,com.tchalanet.server.features.tenantadmin.tenant,AdminTenantController,Tenant Admin • Tenant,/admin/tenant,PUT,,/admin/tenant,updateIdentity,"hasAnyRole('TENANT_OWNER', 'TENANT_ADMIN', 'SUPER_ADMIN')",,tchalanet-features/src/main/java/com/tchalanet/server/features/tenantadmin/tenant/AdminTenantController.java,40
tchalanet-server,com.tchalanet.server.features.tenantadmin.tenant,AdminTenantConfigController,Tenant Admin • Config,/admin/tenant-config,GET,,/admin/tenant-config,getConfig,"hasAnyRole('TENANT_OWNER', 'TENANT_ADMIN', 'SUPER_ADMIN')",,tchalanet-features/src/main/java/com/tchalanet/server/features/tenantadmin/tenant/AdminTenantConfigController.java,34
tchalanet-server,com.tchalanet.server.features.tenantadmin.tenant,AdminTenantConfigController,Tenant Admin • Config,/admin/tenant-config,GET,/communication,/admin/tenant-config/communication,getCommunication,"hasAnyRole('TENANT_OWNER', 'TENANT_ADMIN', 'SUPER_ADMIN')",,tchalanet-features/src/main/java/com/tchalanet/server/features/tenantadmin/tenant/AdminTenantConfigController.java,42
tchalanet-server,com.tchalanet.server.features.tenantadmin.tenant,AdminTenantConfigController,Tenant Admin • Config,/admin/tenant-config,GET,/document,/admin/tenant-config/document,getDocument,"hasAnyRole('TENANT_OWNER', 'TENANT_ADMIN', 'SUPER_ADMIN')",,tchalanet-features/src/main/java/com/tchalanet/server/features/tenantadmin/tenant/AdminTenantConfigController.java,48
tchalanet-server,com.tchalanet.server.features.tenantadmin.tenant,AdminTenantConfigController,Tenant Admin • Config,/admin/tenant-config,PUT,/internal-settings,/admin/tenant-config/internal-settings,updateSettings,"hasAnyRole('TENANT_OWNER', 'TENANT_ADMIN', 'SUPER_ADMIN')",,tchalanet-features/src/main/java/com/tchalanet/server/features/tenantadmin/tenant/AdminTenantConfigController.java,54
tchalanet-server,com.tchalanet.server.features.tenantadmin.tenant,AdminTenantController,Tenant Admin • Tenant,/admin/tenant,GET,/address,/admin/tenant/address,getAddress,"hasAnyRole('TENANT_OWNER', 'TENANT_ADMIN', 'SUPER_ADMIN')",,tchalanet-features/src/main/java/com/tchalanet/server/features/tenantadmin/tenant/AdminTenantController.java,34
tchalanet-server,com.tchalanet.server.features.tenantadmin.tenant,AdminTenantController,Tenant Admin • Tenant,/admin/tenant,PUT,/address,/admin/tenant/address,upsertAddress,"hasAnyRole('TENANT_OWNER', 'TENANT_ADMIN', 'SUPER_ADMIN')",,tchalanet-features/src/main/java/com/tchalanet/server/features/tenantadmin/tenant/AdminTenantController.java,50
tchalanet-server,com.tchalanet.server.platform.tenanttheme.internal.web,TenantThemeAdminController,Admin • Theme,/admin/theme,DELETE,,/admin/theme,deactivate,hasPermission('theme.manage'),,tchalanet-platform/src/main/java/com/tchalanet/server/platform/tenanttheme/internal/web/TenantThemeAdminController.java,77
tchalanet-server,com.tchalanet.server.platform.tenanttheme.internal.web,TenantThemeAdminController,Admin • Theme,/admin/theme,GET,,/admin/theme,get,hasPermission('theme.read'),,tchalanet-platform/src/main/java/com/tchalanet/server/platform/tenanttheme/internal/web/TenantThemeAdminController.java,41
tchalanet-server,com.tchalanet.server.platform.tenanttheme.internal.web,TenantThemeAdminController,Admin • Theme,/admin/theme,POST,/preset,/admin/theme/preset,applyPreset,hasPermission('theme.manage'),,tchalanet-platform/src/main/java/com/tchalanet/server/platform/tenanttheme/internal/web/TenantThemeAdminController.java,53
tchalanet-server,com.tchalanet.server.platform.tenanttheme.internal.web,TenantThemeAdminController,Admin • Theme,/admin/theme,GET,/presets,/admin/theme/presets,listPresets,hasPermission('theme.read'),,tchalanet-platform/src/main/java/com/tchalanet/server/platform/tenanttheme/internal/web/TenantThemeAdminController.java,47
tchalanet-server,com.tchalanet.server.platform.tenanttheme.internal.web,TenantThemeAdminController,Admin • Theme,/admin/theme,PATCH,/settings,/admin/theme/settings,updateSettings,hasPermission('theme.manage'),,tchalanet-platform/src/main/java/com/tchalanet/server/platform/tenanttheme/internal/web/TenantThemeAdminController.java,65
tchalanet-server,com.tchalanet.server.platform.identity.internal.web.me,IdentityActivationController,Identity • Activation,/identity/me,POST,/complete-first-login,/identity/me/complete-first-login,completeFirstLogin,isAuthenticated(),,tchalanet-platform/src/main/java/com/tchalanet/server/platform/identity/internal/web/me/IdentityActivationController.java,25
tchalanet-server,com.tchalanet.server.platform.identity.internal.web,IdentityUserCrudController,Identity • User CRUD,/identity/users,GET,,/identity/users,search,hasPermission('user.read'),,tchalanet-platform/src/main/java/com/tchalanet/server/platform/identity/internal/web/IdentityUserCrudController.java,44
tchalanet-server,com.tchalanet.server.platform.identity.internal.web,IdentityUserCrudController,Identity • User CRUD,/identity/users,POST,,/identity/users,create,hasPermission('user.create'),,tchalanet-platform/src/main/java/com/tchalanet/server/platform/identity/internal/web/IdentityUserCrudController.java,64
tchalanet-server,com.tchalanet.server.platform.archive.internal.web,PlatformArchiveController,Platform - Archive,/platform/archive,GET,/objects/invalid,/platform/archive/objects/invalid,listInvalidObjects,hasRole('SUPER_ADMIN'),,tchalanet-platform/src/main/java/com/tchalanet/server/platform/archive/internal/web/PlatformArchiveController.java,121
tchalanet-server,com.tchalanet.server.platform.archive.internal.web,PlatformArchiveController,Platform - Archive,/platform/archive,GET,/ops-summary,/platform/archive/ops-summary,opsSummary,hasRole('SUPER_ADMIN'),,tchalanet-platform/src/main/java/com/tchalanet/server/platform/archive/internal/web/PlatformArchiveController.java,128
tchalanet-server,com.tchalanet.server.platform.archive.internal.web,PlatformArchiveController,Platform - Archive,/platform/archive,POST,/partition-cleanup/execute,/platform/archive/partition-cleanup/execute,executePartitionCleanup,hasRole('SUPER_ADMIN'),,tchalanet-platform/src/main/java/com/tchalanet/server/platform/archive/internal/web/PlatformArchiveController.java,102
tchalanet-server,com.tchalanet.server.platform.archive.internal.web,PlatformArchiveController,Platform - Archive,/platform/archive,GET,/partition-cleanup/plan,/platform/archive/partition-cleanup/plan,partitionCleanupPlan,hasRole('SUPER_ADMIN'),,tchalanet-platform/src/main/java/com/tchalanet/server/platform/archive/internal/web/PlatformArchiveController.java,91
tchalanet-server,com.tchalanet.server.platform.archive.internal.web,PlatformArchiveController,Platform - Archive,/platform/archive,POST,/restore/audit-log,/platform/archive/restore/audit-log,restoreAuditLog,hasRole('SUPER_ADMIN'),,tchalanet-platform/src/main/java/com/tchalanet/server/platform/archive/internal/web/PlatformArchiveController.java,70
tchalanet-server,com.tchalanet.server.platform.archive.internal.web,PlatformArchiveController,Platform - Archive,/platform/archive,GET,/runs,/platform/archive/runs,listRuns,hasRole('SUPER_ADMIN'),,tchalanet-platform/src/main/java/com/tchalanet/server/platform/archive/internal/web/PlatformArchiveController.java,62
tchalanet-server,com.tchalanet.server.platform.archive.internal.web,PlatformArchiveController,Platform - Archive,/platform/archive,POST,/runs,/platform/archive/runs,triggerRun,hasRole('SUPER_ADMIN'),,tchalanet-platform/src/main/java/com/tchalanet/server/platform/archive/internal/web/PlatformArchiveController.java,49
tchalanet-server,com.tchalanet.server.platform.archive.internal.web,PlatformArchiveController,Platform - Archive,/platform/archive,GET,/runs/failed,/platform/archive/runs/failed,listFailedRuns,hasRole('SUPER_ADMIN'),,tchalanet-platform/src/main/java/com/tchalanet/server/platform/archive/internal/web/PlatformArchiveController.java,112
tchalanet-server,com.tchalanet.server.platform.audit.internal.web,AuditEventRestController,Platform • Audit,/platform/audit,POST,/purge,/platform/audit/purge,purgeExpiredAuditLogs,hasRole('SUPER_ADMIN'),,tchalanet-platform/src/main/java/com/tchalanet/server/platform/audit/internal/web/AuditEventRestController.java,65
tchalanet-server,com.tchalanet.server.catalog.game.internal.web,GameAdminController,,/platform/catalog/games,GET,,/platform/catalog/games,list,hasRole('SUPER_ADMIN'),,tchalanet-catalog/src/main/java/com/tchalanet/server/catalog/game/internal/web/GameAdminController.java,33
tchalanet-server,com.tchalanet.server.catalog.game.internal.web,GameAdminController,,/platform/catalog/games,POST,,/platform/catalog/games,create,hasRole('SUPER_ADMIN'),,tchalanet-catalog/src/main/java/com/tchalanet/server/catalog/game/internal/web/GameAdminController.java,49
tchalanet-server,com.tchalanet.server.catalog.theme.internal.web,ThemeAdminController,,/platform/catalog/theme-presets,GET,,/platform/catalog/theme-presets,listActive,hasRole('SUPER_ADMIN'),,tchalanet-catalog/src/main/java/com/tchalanet/server/catalog/theme/internal/web/ThemeAdminController.java,25
tchalanet-server,com.tchalanet.server.catalog.theme.internal.web,ThemeAdminController,,/platform/catalog/theme-presets,POST,,/platform/catalog/theme-presets,create,hasRole('SUPER_ADMIN'),,tchalanet-catalog/src/main/java/com/tchalanet/server/catalog/theme/internal/web/ThemeAdminController.java,42
tchalanet-server,com.tchalanet.server.catalog.theme.internal.web,ThemeAdminController,,/platform/catalog/theme-presets,GET,/overview,/platform/catalog/theme-presets/overview,overview,hasRole('SUPER_ADMIN'),,tchalanet-catalog/src/main/java/com/tchalanet/server/catalog/theme/internal/web/ThemeAdminController.java,37
tchalanet-server,com.tchalanet.server.platform.contactrequest.internal.web,PlatformContactRequestAdminController,Platform • Contact Requests,/platform/contact-requests,GET,,/platform/contact-requests,list,hasRole('SUPER_ADMIN'),,tchalanet-platform/src/main/java/com/tchalanet/server/platform/contactrequest/internal/web/PlatformContactRequestAdminController.java,38
tchalanet-server,com.tchalanet.server.features.pagemodel.dashboard,PlatformPageModelController,Platform • PageModel,/platform/dashboard,GET,,/platform/dashboard,platformPageModel,hasRole('SUPER_ADMIN'),,tchalanet-features/src/main/java/com/tchalanet/server/features/pagemodel/dashboard/PlatformPageModelController.java,25
tchalanet-server,com.tchalanet.server.catalog.drawchannel.internal.web,PlatformDrawChannelController,Platform • Draw Channels,/platform/draw-channels,GET,,/platform/draw-channels,list,hasRole('SUPER_ADMIN'),,tchalanet-catalog/src/main/java/com/tchalanet/server/catalog/drawchannel/internal/web/PlatformDrawChannelController.java,35
tchalanet-server,com.tchalanet.server.catalog.drawchannel.internal.web,PlatformDrawChannelController,Platform • Draw Channels,/platform/draw-channels,POST,,/platform/draw-channels,create,hasRole('SUPER_ADMIN'),,tchalanet-catalog/src/main/java/com/tchalanet/server/catalog/drawchannel/internal/web/PlatformDrawChannelController.java,68
tchalanet-server,com.tchalanet.server.catalog.drawchannel.internal.web,PlatformDrawChannelGameController,Platform • Draw Channel Games,/platform/draw-channels/{channelId}/games,GET,,/platform/draw-channels/{channelId}/games,list,hasRole('SUPER_ADMIN'),,tchalanet-catalog/src/main/java/com/tchalanet/server/catalog/drawchannel/internal/web/PlatformDrawChannelGameController.java,29
tchalanet-server,com.tchalanet.server.catalog.drawchannel.internal.web,PlatformDrawChannelGameController,Platform • Draw Channel Games,/platform/draw-channels/{channelId}/games,POST,,/platform/draw-channels/{channelId}/games,upsert,hasRole('SUPER_ADMIN'),,tchalanet-catalog/src/main/java/com/tchalanet/server/catalog/drawchannel/internal/web/PlatformDrawChannelGameController.java,38
tchalanet-server,com.tchalanet.server.catalog.drawchannel.internal.web,PlatformDrawChannelGameController,Platform • Draw Channel Games,/platform/draw-channels/{channelId}/games,POST,/bulk,/platform/draw-channels/{channelId}/games/bulk,bulkUpsert,hasRole('SUPER_ADMIN'),,tchalanet-catalog/src/main/java/com/tchalanet/server/catalog/drawchannel/internal/web/PlatformDrawChannelGameController.java,49
tchalanet-server,com.tchalanet.server.catalog.i18n.internal.web,PlatformI18nOverridesController,Platform • I18n Overrides,/platform/i18n-overrides,GET,,/platform/i18n-overrides,search,hasRole('SUPER_ADMIN'),,tchalanet-catalog/src/main/java/com/tchalanet/server/catalog/i18n/internal/web/PlatformI18nOverridesController.java,37
tchalanet-server,com.tchalanet.server.catalog.i18n.internal.web,PlatformI18nOverridesController,Platform • I18n Overrides,/platform/i18n-overrides,POST,,/platform/i18n-overrides,create,hasRole('SUPER_ADMIN'),,tchalanet-catalog/src/main/java/com/tchalanet/server/catalog/i18n/internal/web/PlatformI18nOverridesController.java,57
tchalanet-server,com.tchalanet.server.catalog.i18n.internal.web,PlatformI18nOverridesController,Platform • I18n Overrides,/platform/i18n-overrides,GET,/overview,/platform/i18n-overrides/overview,overview,hasRole('SUPER_ADMIN'),,tchalanet-catalog/src/main/java/com/tchalanet/server/catalog/i18n/internal/web/PlatformI18nOverridesController.java,90
tchalanet-server,com.tchalanet.server.catalog.i18n.internal.web,PlatformI18nOverridesController,Platform • I18n Overrides,/platform/i18n-overrides,GET,/resolve,/platform/i18n-overrides/resolve,resolvePlatform,hasRole('SUPER_ADMIN'),,tchalanet-catalog/src/main/java/com/tchalanet/server/catalog/i18n/internal/web/PlatformI18nOverridesController.java,100
tchalanet-server,com.tchalanet.server.features.ops.batch,OpsBatchExecutionController,Ops • Batch Executions,/platform/ops/batch/executions,GET,,/platform/ops/batch/executions,listExecutions,hasRole('SUPER_ADMIN'),,tchalanet-features/src/main/java/com/tchalanet/server/features/ops/batch/OpsBatchExecutionController.java,27
tchalanet-server,com.tchalanet.server.features.ops.batch,OpsBatchGateController,Ops • Batch Gate,/platform/ops/batch/gates,GET,:effective,/platform/ops/batch/gates/:effective,getEffectiveGates,hasRole('SUPER_ADMIN'),,tchalanet-features/src/main/java/com/tchalanet/server/features/ops/batch/OpsBatchGateController.java,46
tchalanet-server,com.tchalanet.server.features.ops.batch,OpsBatchJobController,Ops • Batch Jobs,/platform/ops/batch/jobs,GET,,/platform/ops/batch/jobs,listJobs,hasRole('SUPER_ADMIN'),,tchalanet-features/src/main/java/com/tchalanet/server/features/ops/batch/OpsBatchJobController.java,24
tchalanet-server,com.tchalanet.server.features.ops.cache,CacheOpsController,Ops • Cache,/platform/ops/cache,DELETE,,/platform/ops/cache,clearAllCaches,hasRole('SUPER_ADMIN'),,tchalanet-features/src/main/java/com/tchalanet/server/features/ops/cache/CacheOpsController.java,57
tchalanet-server,com.tchalanet.server.features.ops.cache,CacheOpsController,Ops • Cache,/platform/ops/cache,GET,,/platform/ops/cache,listCaches,hasRole('SUPER_ADMIN'),,tchalanet-features/src/main/java/com/tchalanet/server/features/ops/cache/CacheOpsController.java,31
tchalanet-server,com.tchalanet.server.platform.communication.internal.web,PlatformCommunicationOpsController,Platform Ops • Communication,/platform/ops/communication,POST,/email-test,/platform/ops/communication/email-test,testEmail,hasRole('SUPER_ADMIN'),,tchalanet-platform/src/main/java/com/tchalanet/server/platform/communication/internal/web/PlatformCommunicationOpsController.java,48
tchalanet-server,com.tchalanet.server.platform.communication.internal.web,PlatformCommunicationOpsController,Platform Ops • Communication,/platform/ops/communication,POST,/slack-test,/platform/ops/communication/slack-test,testSlack,hasRole('SUPER_ADMIN'),,tchalanet-platform/src/main/java/com/tchalanet/server/platform/communication/internal/web/PlatformCommunicationOpsController.java,30
tchalanet-server,com.tchalanet.server.features.ops.drawresult,DrawResultsOpsController,Ops • Draw Results,/platform/ops/draw-results,GET,,/platform/ops/draw-results,search,hasRole('SUPER_ADMIN'),,tchalanet-features/src/main/java/com/tchalanet/server/features/ops/drawresult/DrawResultsOpsController.java,207
tchalanet-server,com.tchalanet.server.features.ops.drawresult,DrawResultsOpsController,Ops • Draw Results,/platform/ops/draw-results,GET,/by-slot,/platform/ops/draw-results/by-slot,getBySlot,hasRole('SUPER_ADMIN'),,tchalanet-features/src/main/java/com/tchalanet/server/features/ops/drawresult/DrawResultsOpsController.java,237
tchalanet-server,com.tchalanet.server.features.ops.drawresult,DrawResultsOpsController,Ops • Draw Results,/platform/ops/draw-results,POST,/fetch,/platform/ops/draw-results/fetch,fetch,hasRole('SUPER_ADMIN'),,tchalanet-features/src/main/java/com/tchalanet/server/features/ops/drawresult/DrawResultsOpsController.java,58
tchalanet-server,com.tchalanet.server.features.ops.drawresult,DrawResultsOpsController,Ops • Draw Results,/platform/ops/draw-results,POST,/manual,/platform/ops/draw-results/manual,manual,hasRole('SUPER_ADMIN'),,tchalanet-features/src/main/java/com/tchalanet/server/features/ops/drawresult/DrawResultsOpsController.java,158
tchalanet-server,com.tchalanet.server.features.ops.drawresult,DrawResultsOpsController,Ops • Draw Results,/platform/ops/draw-results,POST,/override,/platform/ops/draw-results/override,override,hasRole('SUPER_ADMIN'),,tchalanet-features/src/main/java/com/tchalanet/server/features/ops/drawresult/DrawResultsOpsController.java,130
tchalanet-server,com.tchalanet.server.features.ops.drawresult,DrawResultsOpsController,Ops • Draw Results,/platform/ops/draw-results,POST,/refresh,/platform/ops/draw-results/refresh,refresh,hasRole('SUPER_ADMIN'),,tchalanet-features/src/main/java/com/tchalanet/server/features/ops/drawresult/DrawResultsOpsController.java,87
tchalanet-server,com.tchalanet.server.features.ops.draw,DrawCalendarOpsController,Ops • Scheduler,/platform/ops/draws,POST,/apply,/platform/ops/draws/apply,apply,hasRole('SUPER_ADMIN'),,tchalanet-features/src/main/java/com/tchalanet/server/features/ops/draw/DrawCalendarOpsController.java,155
tchalanet-server,com.tchalanet.server.features.ops.draw,DrawCalendarOpsController,Ops • Scheduler,/platform/ops/draws,POST,/close-due,/platform/ops/draws/close-due,closeDue,hasRole('SUPER_ADMIN'),,tchalanet-features/src/main/java/com/tchalanet/server/features/ops/draw/DrawCalendarOpsController.java,139
tchalanet-server,com.tchalanet.server.features.ops.draw,DrawCalendarOpsController,Ops • Scheduler,/platform/ops/draws,POST,/generate,/platform/ops/draws/generate,generate,hasRole('SUPER_ADMIN'),,tchalanet-features/src/main/java/com/tchalanet/server/features/ops/draw/DrawCalendarOpsController.java,58
tchalanet-server,com.tchalanet.server.features.ops.draw,DrawCalendarOpsController,Ops • Scheduler,/platform/ops/draws,POST,/open-today,/platform/ops/draws/open-today,openToday,hasRole('SUPER_ADMIN'),,tchalanet-features/src/main/java/com/tchalanet/server/features/ops/draw/DrawCalendarOpsController.java,120
tchalanet-server,com.tchalanet.server.platform.notification.internal.web,OpsNotificationController,Ops • Notifications,/platform/ops/notifications,POST,/test,/platform/ops/notifications/test,testNotification,hasRole('SUPER_ADMIN'),,tchalanet-platform/src/main/java/com/tchalanet/server/platform/notification/internal/web/OpsNotificationController.java,37
tchalanet-server,com.tchalanet.server.platform.identity.internal.web.ops,PlatformIdentitySyncOpsController,Platform Ops • Sync,/platform/ops/sync,POST,/identity/firebase-bootstrap-users,/platform/ops/sync/identity/firebase-bootstrap-users,triggerFirebaseBootstrapSync,hasRole('SUPER_ADMIN'),,tchalanet-platform/src/main/java/com/tchalanet/server/platform/identity/internal/web/ops/PlatformIdentitySyncOpsController.java,19
tchalanet-server,com.tchalanet.server.features.platformadmin.overview,PlatformAdminOverviewController,,/platform/overview,GET,,/platform/overview,overview,hasRole('SUPER_ADMIN'),,tchalanet-features/src/main/java/com/tchalanet/server/features/platformadmin/overview/PlatformAdminOverviewController.java,16
tchalanet-server,com.tchalanet.server.catalog.pagemodeltemplate.internal.web,PlatformPageModelTemplateController,Platform • PageModel Template,/platform/page-model-templates,GET,,/platform/page-model-templates,search,hasRole('SUPER_ADMIN'),,tchalanet-catalog/src/main/java/com/tchalanet/server/catalog/pagemodeltemplate/internal/web/PlatformPageModelTemplateController.java,34
tchalanet-server,com.tchalanet.server.catalog.pagemodeltemplate.internal.web,PlatformPageModelTemplateController,Platform • PageModel Template,/platform/page-model-templates,POST,,/platform/page-model-templates,create,hasRole('SUPER_ADMIN'),,tchalanet-catalog/src/main/java/com/tchalanet/server/catalog/pagemodeltemplate/internal/web/PlatformPageModelTemplateController.java,51
tchalanet-server,com.tchalanet.server.catalog.pagemodeltemplate.internal.web,PlatformPageModelTemplateController,Platform • PageModel Template,/platform/page-model-templates,GET,/visible,/platform/page-model-templates/visible,visible,hasRole('SUPER_ADMIN'),,tchalanet-catalog/src/main/java/com/tchalanet/server/catalog/pagemodeltemplate/internal/web/PlatformPageModelTemplateController.java,28
tchalanet-server,com.tchalanet.server.catalog.plan.internal.web,PlanAdminController,,/platform/plans,GET,,/platform/plans,list,hasRole('SUPER_ADMIN'),,tchalanet-catalog/src/main/java/com/tchalanet/server/catalog/plan/internal/web/PlanAdminController.java,28
tchalanet-server,com.tchalanet.server.catalog.plan.internal.web,PlanAdminController,,/platform/plans,POST,,/platform/plans,create,hasRole('SUPER_ADMIN'),,tchalanet-catalog/src/main/java/com/tchalanet/server/catalog/plan/internal/web/PlanAdminController.java,40
tchalanet-server,com.tchalanet.server.catalog.pricing.internal.web,PricingAdminController,Platform • Pricing,/platform/pricing,GET,,/platform/pricing,listActive,hasRole('SUPER_ADMIN'),,tchalanet-catalog/src/main/java/com/tchalanet/server/catalog/pricing/internal/web/PricingAdminController.java,27
tchalanet-server,com.tchalanet.server.catalog.pricing.internal.web,PricingAdminController,Platform • Pricing,/platform/pricing,POST,,/platform/pricing,create,hasRole('SUPER_ADMIN'),,tchalanet-catalog/src/main/java/com/tchalanet/server/catalog/pricing/internal/web/PricingAdminController.java,41
tchalanet-server,com.tchalanet.server.platform.publiccontent.internal.web,PlatformPublicContentAdminController,Platform • Public Content Admin,/platform/public-content/news,GET,,/platform/public-content/news,list,hasRole('SUPER_ADMIN'),,tchalanet-platform/src/main/java/com/tchalanet/server/platform/publiccontent/internal/web/PlatformPublicContentAdminController.java,33
tchalanet-server,com.tchalanet.server.platform.publiccontent.internal.web,PlatformPublicContentAdminController,Platform • Public Content Admin,/platform/public-content/news,POST,,/platform/public-content/news,upsert,hasRole('SUPER_ADMIN'),,tchalanet-platform/src/main/java/com/tchalanet/server/platform/publiccontent/internal/web/PlatformPublicContentAdminController.java,39
tchalanet-server,com.tchalanet.server.platform.publiccontent.internal.web,PlatformPublicContentAdminController,Platform • Public Content Admin,/platform/public-content/news,POST,/force-refresh,/platform/public-content/news/force-refresh,forceRefresh,hasRole('SUPER_ADMIN'),,tchalanet-platform/src/main/java/com/tchalanet/server/platform/publiccontent/internal/web/PlatformPublicContentAdminController.java,77
tchalanet-server,com.tchalanet.server.catalog.resultslot.internal.web,ResultSlotAdminController,Platform • Result Slots,/platform/result-slots,POST,,/platform/result-slots,create,hasRole('SUPER_ADMIN'),,tchalanet-catalog/src/main/java/com/tchalanet/server/catalog/resultslot/internal/web/ResultSlotAdminController.java,47
tchalanet-server,com.tchalanet.server.catalog.resultslot.internal.web,ResultSlotAdminController,Platform • Result Slots,/platform/result-slots,GET,/active,/platform/result-slots/active,listActive,hasRole('SUPER_ADMIN'),,tchalanet-catalog/src/main/java/com/tchalanet/server/catalog/resultslot/internal/web/ResultSlotAdminController.java,27
tchalanet-server,com.tchalanet.server.catalog.resultslot.internal.web,ResultSlotCalendarAdminController,Platform • Result Slot Calendar,/platform/result-slots/{resultSlotId}/calendar,GET,,/platform/result-slots/{resultSlotId}/calendar,list,hasRole('SUPER_ADMIN'),,tchalanet-catalog/src/main/java/com/tchalanet/server/catalog/resultslot/internal/web/ResultSlotCalendarAdminController.java,28
tchalanet-server,com.tchalanet.server.catalog.resultslot.internal.web,ResultSlotCalendarAdminController,Platform • Result Slot Calendar,/platform/result-slots/{resultSlotId}/calendar,POST,,/platform/result-slots/{resultSlotId}/calendar,create,hasRole('SUPER_ADMIN'),,tchalanet-catalog/src/main/java/com/tchalanet/server/catalog/resultslot/internal/web/ResultSlotCalendarAdminController.java,35
tchalanet-server,com.tchalanet.server.catalog.settings.internal.web,PlatformSettingsController,Platform • Settings,/platform/settings,GET,,/platform/settings,search,hasRole('SUPER_ADMIN'),,tchalanet-catalog/src/main/java/com/tchalanet/server/catalog/settings/internal/web/PlatformSettingsController.java,36
tchalanet-server,com.tchalanet.server.catalog.settings.internal.web,PlatformSettingsController,Platform • Settings,/platform/settings,POST,,/platform/settings,create,hasRole('SUPER_ADMIN'),,tchalanet-catalog/src/main/java/com/tchalanet/server/catalog/settings/internal/web/PlatformSettingsController.java,65
tchalanet-server,com.tchalanet.server.catalog.settings.internal.web,PlatformSettingsController,Platform • Settings,/platform/settings,GET,/overview,/platform/settings/overview,overview,hasRole('SUPER_ADMIN'),,tchalanet-catalog/src/main/java/com/tchalanet/server/catalog/settings/internal/web/PlatformSettingsController.java,87
tchalanet-server,com.tchalanet.server.platform.identity.internal.web.platform,PlatformSuperAdminController,Platform • Super Admins,/platform/super-admins,GET,,/platform/super-admins,list,hasRole('SUPER_ADMIN'),,tchalanet-platform/src/main/java/com/tchalanet/server/platform/identity/internal/web/platform/PlatformSuperAdminController.java,37
tchalanet-server,com.tchalanet.server.platform.identity.internal.web.platform,PlatformSuperAdminController,Platform • Super Admins,/platform/super-admins,POST,,/platform/super-admins,create,hasRole('SUPER_ADMIN'),,tchalanet-platform/src/main/java/com/tchalanet/server/platform/identity/internal/web/platform/PlatformSuperAdminController.java,50
tchalanet-server,com.tchalanet.server.features.platformadmin.tenantonboarding,TenantProvisioningController,Platform Admin • Tenant Onboarding,/platform/tenant-onboarding,POST,/preview,/platform/tenant-onboarding/preview,preview,hasRole('SUPER_ADMIN'),,tchalanet-features/src/main/java/com/tchalanet/server/features/platformadmin/tenantonboarding/TenantProvisioningController.java,25
tchalanet-server,com.tchalanet.server.features.platformadmin.tenantonboarding,TenantProvisioningController,Platform Admin • Tenant Onboarding,/platform/tenant-onboarding,POST,/provision,/platform/tenant-onboarding/provision,provision,hasRole('SUPER_ADMIN'),,tchalanet-features/src/main/java/com/tchalanet/server/features/platformadmin/tenantonboarding/TenantProvisioningController.java,32
tchalanet-server,com.tchalanet.server.platform.tenant.internal.web,TenantAdminController,Platform - Tenants,/platform/tenants,GET,,/platform/tenants,list,"hasPermission(null, 'tenant.read')",,tchalanet-platform/src/main/java/com/tchalanet/server/platform/tenant/internal/web/TenantAdminController.java,43
tchalanet-server,com.tchalanet.server.platform.tenant.internal.web,TenantAdminController,Platform - Tenants,/platform/tenants,POST,,/platform/tenants,create,"hasPermission(null, 'tenant.create')",,tchalanet-platform/src/main/java/com/tchalanet/server/platform/tenant/internal/web/TenantAdminController.java,70
tchalanet-server,com.tchalanet.server.platform.tenant.internal.web,TenantAdminController,Platform - Tenants,/platform/tenants,GET,/by-code,/platform/tenants/by-code,getByCode,"hasPermission(null, 'tenant.read')",,tchalanet-platform/src/main/java/com/tchalanet/server/platform/tenant/internal/web/TenantAdminController.java,64
tchalanet-server,com.tchalanet.server.platform.contactrequest.internal.web,PublicContactRequestController,Public • Contact Requests,/public/contact-requests,POST,,/public/contact-requests,submit,,,tchalanet-platform/src/main/java/com/tchalanet/server/platform/contactrequest/internal/web/PublicContactRequestController.java,27
tchalanet-server,com.tchalanet.server.features.publicdrawresults,PublicDrawResultController,Public • Draw Results,/public/draw-results,GET,/history,/public/draw-results/history,history,,,tchalanet-features/src/main/java/com/tchalanet/server/features/publicdrawresults/PublicDrawResultController.java,40
tchalanet-server,com.tchalanet.server.features.publicdrawresults,PublicDrawResultController,Public • Draw Results,/public/draw-results,GET,/latest,/public/draw-results/latest,latest,,,tchalanet-features/src/main/java/com/tchalanet/server/features/publicdrawresults/PublicDrawResultController.java,31
tchalanet-server,com.tchalanet.server.catalog.i18n.internal.web,PublicI18nRuntimeController,Public • i18n,,GET,/public/i18n,/public/i18n,getBundle,permitAll(),,tchalanet-catalog/src/main/java/com/tchalanet/server/catalog/i18n/internal/web/PublicI18nRuntimeController.java,28
tchalanet-server,com.tchalanet.server.platform.identity.internal.web.me,IdentityPasswordResetController,Identity • Password Reset,/public/identity,POST,/reset-password,/public/identity/reset-password,resetPassword,,,tchalanet-platform/src/main/java/com/tchalanet/server/platform/identity/internal/web/me/IdentityPasswordResetController.java,21
tchalanet-server,com.tchalanet.server.features.pagemodel.publicpage,PublicManagersController,Public • PageModel,/public/managers,GET,,/public/managers,resolve,,,tchalanet-features/src/main/java/com/tchalanet/server/features/pagemodel/publicpage/PublicManagersController.java,21
tchalanet-server,com.tchalanet.server.platform.publiccontent.internal.web,PublicNewsController,Public • News,/public/news,GET,,/public/news,listPublicNews,,,tchalanet-platform/src/main/java/com/tchalanet/server/platform/publiccontent/internal/web/PublicNewsController.java,24
tchalanet-server,com.tchalanet.server.features.pagemodel.publicpage,PublicPageModelController,Public • PageModel,/public/page,GET,,/public/page,resolve,,,tchalanet-features/src/main/java/com/tchalanet/server/features/pagemodel/publicpage/PublicPageModelController.java,21
tchalanet-server,com.tchalanet.server.platform.keymanagement.internal.web,BackendPublicKeysController,Security • Backend Public Keys,/public/security/backend-signing-keys,GET,,/public/security/backend-signing-keys,listActiveKeys,,,tchalanet-platform/src/main/java/com/tchalanet/server/platform/keymanagement/internal/web/BackendPublicKeysController.java,19
tchalanet-server,com.tchalanet.server.catalog.settings.internal.web,PublicSettingsRuntimeController,Public • Settings,,GET,/public/settings,/public/settings,getPublicSettings,permitAll(),,tchalanet-catalog/src/main/java/com/tchalanet/server/catalog/settings/internal/web/PublicSettingsRuntimeController.java,24
tchalanet-server,com.tchalanet.server.core.haiti.internal.infra.web.publicapi,PublicTchalaController,Public • Tchala,/public/tchala,GET,/by-dream,/public/tchala/by-dream,byDream,,,tchalanet-core/src/main/java/com/tchalanet/server/core/haiti/internal/infra/web/publicapi/PublicTchalaController.java,80
tchalanet-server,com.tchalanet.server.core.haiti.internal.infra.web.publicapi,PublicTchalaController,Public • Tchala,/public/tchala,GET,/by-number,/public/tchala/by-number,byNumber,,,tchalanet-core/src/main/java/com/tchalanet/server/core/haiti/internal/infra/web/publicapi/PublicTchalaController.java,92
tchalanet-server,com.tchalanet.server.core.haiti.internal.infra.web.publicapi,PublicTchalaController,Public • Tchala,/public/tchala,GET,/search,/public/tchala/search,search,,,tchalanet-core/src/main/java/com/tchalanet/server/core/haiti/internal/infra/web/publicapi/PublicTchalaController.java,53
tchalanet-server,com.tchalanet.server.core.haiti.internal.infra.web.publicapi,PublicTchalaController,Public • Tchala,/public/tchala,POST,/suggestions,/public/tchala/suggestions,submitSuggestion,,,tchalanet-core/src/main/java/com/tchalanet/server/core/haiti/internal/infra/web/publicapi/PublicTchalaController.java,128
tchalanet-server,com.tchalanet.server.core.haiti.internal.infra.web.publicapi,PublicTchalaController,Public • Tchala,/public/tchala,GET,/suggestions/status,/public/tchala/suggestions/status,suggestionStatus,,,tchalanet-core/src/main/java/com/tchalanet/server/core/haiti/internal/infra/web/publicapi/PublicTchalaController.java,119
tchalanet-server,com.tchalanet.server.platform.tenant.internal.web,TenantRuntimeController,Tenant Runtime,,GET,/public/tenant/runtime,/public/tenant/runtime,publicRuntime,,,tchalanet-platform/src/main/java/com/tchalanet/server/platform/tenant/internal/web/TenantRuntimeController.java,19
tchalanet-server,com.tchalanet.server.platform.tenanttheme.internal.web,PublicThemeRuntimeController,Public • Theme Runtime,,GET,/public/theme/runtime,/public/theme/runtime,publicRuntime,,,tchalanet-platform/src/main/java/com/tchalanet/server/platform/tenanttheme/internal/web/PublicThemeRuntimeController.java,20
tchalanet-server,com.tchalanet.server.features.ticketverify,TicketVerifyController,Public • Ticket Verification,/public/tickets,POST,/verify,/public/tickets/verify,verify,permitAll(),,tchalanet-features/src/main/java/com/tchalanet/server/features/ticketverify/TicketVerifyController.java,43
tchalanet-server,com.tchalanet.server.features.pos.draws,PosDrawsController,Cashier • Draws,/tenant/cashier/draws,GET,/available,/tenant/cashier/draws/available,available,"hasAuthority('ACTOR_SELLER_TERMINAL') or hasAnyRole('TENANT_OWNER', 'TENANT_ADMIN', 'SUPER_ADMIN')",,tchalanet-features/src/main/java/com/tchalanet/server/features/pos/draws/PosDrawsController.java,23
tchalanet-server,com.tchalanet.server.features.pos.games,PosGamesController,Cashier • Games,/tenant/cashier/games,GET,/available,/tenant/cashier/games/available,available,"hasAuthority('ACTOR_SELLER_TERMINAL') or hasAnyRole('TENANT_OWNER', 'TENANT_ADMIN', 'SUPER_ADMIN')",,tchalanet-features/src/main/java/com/tchalanet/server/features/pos/games/PosGamesController.java,20
tchalanet-server,com.tchalanet.server.features.pos.home.web,PosHomeController,Cashier • Home,/tenant/cashier,GET,/home,/tenant/cashier/home,mobileHome,"hasAuthority('ACTOR_SELLER_TERMINAL') or hasAnyRole('TENANT_OWNER', 'TENANT_ADMIN', 'SUPER_ADMIN')",,tchalanet-features/src/main/java/com/tchalanet/server/features/pos/home/web/PosHomeController.java,26
tchalanet-server,com.tchalanet.server.features.pos.home.web,PosHomeController,Cashier • Home,/tenant/cashier,GET,/readiness,/tenant/cashier/readiness,readiness,"hasAuthority('ACTOR_SELLER_TERMINAL') or hasAnyRole('TENANT_OWNER', 'TENANT_ADMIN', 'SUPER_ADMIN')",,tchalanet-features/src/main/java/com/tchalanet/server/features/pos/home/web/PosHomeController.java,34
tchalanet-server,com.tchalanet.server.features.pos.tickets,PosTicketsController,Cashier • Tickets,/tenant/cashier/tickets,GET,,/tenant/cashier/tickets,list,"hasAuthority('ACTOR_SELLER_TERMINAL') or hasAnyRole('TENANT_OWNER', 'TENANT_ADMIN', 'SUPER_ADMIN')",,tchalanet-features/src/main/java/com/tchalanet/server/features/pos/tickets/PosTicketsController.java,108
tchalanet-server,com.tchalanet.server.features.pos.tickets,PosTicketsController,Cashier • Tickets,/tenant/cashier/tickets,POST,/preview,/tenant/cashier/tickets/preview,preview,"hasAuthority('ACTOR_SELLER_TERMINAL') or hasAnyRole('TENANT_OWNER', 'TENANT_ADMIN', 'SUPER_ADMIN')",,tchalanet-features/src/main/java/com/tchalanet/server/features/pos/tickets/PosTicketsController.java,56
tchalanet-server,com.tchalanet.server.features.pos.tickets,PosTicketsController,Cashier • Tickets,/tenant/cashier/tickets,POST,/sell,/tenant/cashier/tickets/sell,sell,"hasAuthority('ACTOR_SELLER_TERMINAL') or hasAnyRole('TENANT_OWNER', 'TENANT_ADMIN', 'SUPER_ADMIN')",,tchalanet-features/src/main/java/com/tchalanet/server/features/pos/tickets/PosTicketsController.java,74
tchalanet-server,com.tchalanet.server.features.pos.tickets,PosTicketsController,Cashier • Tickets,/tenant/cashier/tickets,GET,/stats,/tenant/cashier/tickets/stats,stats,"hasAuthority('ACTOR_SELLER_TERMINAL') or hasAnyRole('TENANT_OWNER', 'TENANT_ADMIN', 'SUPER_ADMIN')",,tchalanet-features/src/main/java/com/tchalanet/server/features/pos/tickets/PosTicketsController.java,100
tchalanet-server,com.tchalanet.server.features.pos.tickets,PosTicketsController,Cashier • Tickets,/tenant/cashier/tickets,POST,/verify,/tenant/cashier/tickets/verify,verify,"hasAuthority('ACTOR_SELLER_TERMINAL') or hasAnyRole('TENANT_OWNER', 'TENANT_ADMIN', 'SUPER_ADMIN')",,tchalanet-features/src/main/java/com/tchalanet/server/features/pos/tickets/PosTicketsController.java,65
tchalanet-server,com.tchalanet.server.features.pagemodel.dashboard,TenantPageModelController,Tenant • PageModel,/tenant/dashboard,GET,,/tenant/dashboard,tenantPageModel,isAuthenticated(),,tchalanet-features/src/main/java/com/tchalanet/server/features/pagemodel/dashboard/TenantPageModelController.java,27
tchalanet-server,com.tchalanet.server.catalog.drawchannel.internal.web,TenantDrawChannelController,Tenant • Draw Channels,/tenant/draw-channels,GET,,/tenant/draw-channels,list,hasAuthority('TENANT_READ'),,tchalanet-catalog/src/main/java/com/tchalanet/server/catalog/drawchannel/internal/web/TenantDrawChannelController.java,26
tchalanet-server,com.tchalanet.server.catalog.drawchannel.internal.web,TenantDrawChannelController,Tenant • Draw Channels,/tenant/draw-channels,GET,/games,/tenant/draw-channels/games,gamesMap,hasAuthority('TENANT_READ'),,tchalanet-catalog/src/main/java/com/tchalanet/server/catalog/drawchannel/internal/web/TenantDrawChannelController.java,53
tchalanet-server,com.tchalanet.server.platform.tenantgame.internal.web,TenantGameRuntimeController,Tenant Runtime,/tenant/games,GET,/runtime,/tenant/games/runtime,runtime,,,tchalanet-platform/src/main/java/com/tchalanet/server/platform/tenantgame/internal/web/TenantGameRuntimeController.java,23
tchalanet-server,com.tchalanet.server.platform.entitlement.internal,TenantCapabilityController,,/tenant/me/capabilities,GET,,/tenant/me/capabilities,getMyCapabilities,isAuthenticated(),,tchalanet-platform/src/main/java/com/tchalanet/server/platform/entitlement/internal/TenantCapabilityController.java,20
tchalanet-server,com.tchalanet.server.platform.notification.internal.web,TenantNotificationController,Tenant • Notifications,/tenant/me/notifications,GET,,/tenant/me/notifications,list,"hasAnyRole('TENANT_ADMIN', 'SUPER_ADMIN')",,tchalanet-platform/src/main/java/com/tchalanet/server/platform/notification/internal/web/TenantNotificationController.java,47
tchalanet-server,com.tchalanet.server.platform.notification.internal.web,TenantNotificationController,Tenant • Notifications,/tenant/me/notifications,POST,/archive,/tenant/me/notifications/archive,archive,"hasAnyRole('TENANT_ADMIN', 'SUPER_ADMIN')",,tchalanet-platform/src/main/java/com/tchalanet/server/platform/notification/internal/web/TenantNotificationController.java,91
tchalanet-server,com.tchalanet.server.platform.notification.internal.web,TenantNotificationController,Tenant • Notifications,/tenant/me/notifications,POST,/read,/tenant/me/notifications/read,markRead,"hasAnyRole('TENANT_ADMIN', 'SUPER_ADMIN')",,tchalanet-platform/src/main/java/com/tchalanet/server/platform/notification/internal/web/TenantNotificationController.java,74
tchalanet-server,com.tchalanet.server.platform.notification.internal.web,TenantNotificationController,Tenant • Notifications,/tenant/me/notifications,GET,/summary,/tenant/me/notifications/summary,summary,"hasAnyRole('TENANT_ADMIN', 'SUPER_ADMIN')",,tchalanet-platform/src/main/java/com/tchalanet/server/platform/notification/internal/web/TenantNotificationController.java,40
tchalanet-server,com.tchalanet.server.core.sellerterminal.internal.infra.web.tenant,CurrentOperationalContextController,Terminal • Operational Context,/tenant/me/operational-context,GET,,/tenant/me/operational-context,current,hasAuthority('ACTOR_SELLER_TERMINAL'),,tchalanet-core/src/main/java/com/tchalanet/server/core/sellerterminal/internal/infra/web/tenant/CurrentOperationalContextController.java,28
tchalanet-server,com.tchalanet.server.platform.identity.internal.web.me,CurrentUserProfileController,Tenant • Current Profile,/tenant/me/profile,GET,,/tenant/me/profile,me,"hasAnyRole('TENANT_ADMIN', 'SUPER_ADMIN', 'OPERATOR')",,tchalanet-platform/src/main/java/com/tchalanet/server/platform/identity/internal/web/me/CurrentUserProfileController.java,45
tchalanet-server,com.tchalanet.server.platform.identity.internal.web.me,CurrentUserProfileController,Tenant • Current Profile,/tenant/me/profile,PATCH,,/tenant/me/profile,updateProfile,"hasAnyRole('TENANT_ADMIN', 'SUPER_ADMIN', 'OPERATOR')",,tchalanet-platform/src/main/java/com/tchalanet/server/platform/identity/internal/web/me/CurrentUserProfileController.java,76
tchalanet-server,com.tchalanet.server.platform.identity.internal.web.me,CurrentUserProfileController,Tenant • Current Profile,/tenant/me/profile,POST,/bootstrap,/tenant/me/profile/bootstrap,bootstrap,"hasAnyRole('TENANT_ADMIN', 'SUPER_ADMIN', 'OPERATOR')",,tchalanet-platform/src/main/java/com/tchalanet/server/platform/identity/internal/web/me/CurrentUserProfileController.java,54
tchalanet-server,com.tchalanet.server.features.reporting.salesreport,GetSalesReportByPeriodAndGameController,Platform • Reports,/tenant/reports/sales-by-period-and-game,GET,,/tenant/reports/sales-by-period-and-game,getSalesReport,"hasAnyRole('TENANT_OWNER', 'TENANT_ADMIN', 'SUPER_ADMIN')",,tchalanet-features/src/main/java/com/tchalanet/server/features/reporting/salesreport/GetSalesReportByPeriodAndGameController.java,25
tchalanet-server,com.tchalanet.server.features.reporting.tenantkpis,GetTenantKpisController,Platform • Reports,/tenant/reports/tenant-kpis,GET,,/tenant/reports/tenant-kpis,get,"hasAnyRole('TENANT_OWNER', 'TENANT_ADMIN', 'SUPER_ADMIN') or hasAuthority('ACTOR_SELLER_TERMINAL')",,tchalanet-features/src/main/java/com/tchalanet/server/features/reporting/tenantkpis/GetTenantKpisController.java,24
tchalanet-server,com.tchalanet.server.platform.tenant.internal.web,TenantRuntimeController,Tenant Runtime,,GET,/tenant/runtime,/tenant/runtime,runtime,,,tchalanet-platform/src/main/java/com/tchalanet/server/platform/tenant/internal/web/TenantRuntimeController.java,26
tchalanet-server,com.tchalanet.server.features.bootstrap.privateruntime,PrivateBootstrapRuntimeController,Runtime,,GET,/tenant/runtime/state,/tenant/runtime/state,privateState,isAuthenticated(),,tchalanet-features/src/main/java/com/tchalanet/server/features/bootstrap/privateruntime/PrivateBootstrapRuntimeController.java,28
tchalanet-server,com.tchalanet.server.core.sales.internal.infra.web,SalePreparationController,Sales • Preparation,/tenant/sales/preparations,POST,,/tenant/sales/preparations,prepare,hasPermission('ticket.sell'),,tchalanet-core/src/main/java/com/tchalanet/server/core/sales/internal/infra/web/SalePreparationController.java,41
tchalanet-server,com.tchalanet.server.core.sellerterminal.internal.infra.web.tenant,SellerTerminalMeController,Terminal POS • Me,/tenant/seller-terminal,GET,/me,/tenant/seller-terminal/me,me,hasAuthority('ACTOR_SELLER_TERMINAL'),,tchalanet-core/src/main/java/com/tchalanet/server/core/sellerterminal/internal/infra/web/tenant/SellerTerminalMeController.java,34
tchalanet-server,com.tchalanet.server.core.sellerterminal.internal.infra.web.tenant,SellerTerminalMeController,Terminal POS • Me,/tenant/seller-terminal,POST,/me/change-pin,/tenant/seller-terminal/me/change-pin,changePin,hasAuthority('ACTOR_SELLER_TERMINAL'),,tchalanet-core/src/main/java/com/tchalanet/server/core/sellerterminal/internal/infra/web/tenant/SellerTerminalMeController.java,42
tchalanet-server,com.tchalanet.server.core.sellerterminal.internal.infra.web.tenant,CurrentOperationalContextController,Terminal • Operational Context,/tenant/seller-terminal/operational-context,GET,,/tenant/seller-terminal/operational-context,current,hasAuthority('ACTOR_SELLER_TERMINAL'),,tchalanet-core/src/main/java/com/tchalanet/server/core/sellerterminal/internal/infra/web/tenant/CurrentOperationalContextController.java,28
tchalanet-server,com.tchalanet.server.catalog.settings.internal.web,TenantSettingsController,Tenant • Settings,/tenant/settings,GET,/resolve,/tenant/settings/resolve,resolve,"hasAnyRole('TENANT_ADMIN', 'SUPER_ADMIN')",,tchalanet-catalog/src/main/java/com/tchalanet/server/catalog/settings/internal/web/TenantSettingsController.java,24
tchalanet-server,com.tchalanet.server.core.subscription.internal.web,SubscriptionController,,/tenant/subscription,GET,,/tenant/subscription,getMySubscription,"hasAnyRole('TENANT_OWNER', 'TENANT_ADMIN', 'SUPER_ADMIN')",,tchalanet-core/src/main/java/com/tchalanet/server/core/subscription/internal/web/SubscriptionController.java,30
tchalanet-server,com.tchalanet.server.core.sellerterminal.internal.infra.web.tenant,SellerTerminalMeController,Terminal POS • Me,/tenant/terminal,GET,/me,/tenant/terminal/me,me,hasAuthority('ACTOR_SELLER_TERMINAL'),,tchalanet-core/src/main/java/com/tchalanet/server/core/sellerterminal/internal/infra/web/tenant/SellerTerminalMeController.java,34
tchalanet-server,com.tchalanet.server.core.sellerterminal.internal.infra.web.tenant,SellerTerminalMeController,Terminal POS • Me,/tenant/terminal,POST,/me/change-pin,/tenant/terminal/me/change-pin,changePin,hasAuthority('ACTOR_SELLER_TERMINAL'),,tchalanet-core/src/main/java/com/tchalanet/server/core/sellerterminal/internal/infra/web/tenant/SellerTerminalMeController.java,42
tchalanet-server,com.tchalanet.server.platform.tenanttheme.internal.web,PublicThemeRuntimeController,Public • Theme Runtime,,GET,/tenant/theme/runtime,/tenant/theme/runtime,runtime,,,tchalanet-platform/src/main/java/com/tchalanet/server/platform/tenanttheme/internal/web/PublicThemeRuntimeController.java,28
tchalanet-server,com.tchalanet.server.core.sales.internal.infra.web,TicketQueryController,Sales • Ticket Queries,/tenant/tickets,GET,,/tenant/tickets,list,"hasAnyRole('TENANT_OWNER', 'TENANT_ADMIN', 'SUPER_ADMIN') or hasAuthority('ACTOR_SELLER_TERMINAL')",,tchalanet-core/src/main/java/com/tchalanet/server/core/sales/internal/infra/web/TicketQueryController.java,47
tchalanet-server,com.tchalanet.server.core.sales.internal.infra.web,TicketSalesController,Sales • Sell,/tenant/tickets,POST,,/tenant/tickets,sell,hasPermission('ticket.sell'),,tchalanet-core/src/main/java/com/tchalanet/server/core/sales/internal/infra/web/TicketSalesController.java,51
